CREATE DATABASE  IF NOT EXISTS `posdb` /*!40100 DEFAULT CHARACTER SET latin1 COLLATE latin1_general_ci */;
USE `posdb`;
-- MySQL dump 10.13  Distrib 5.6.23, for Win32 (x86)
--
-- Host: localhost    Database: posdb
-- ------------------------------------------------------
-- Server version	5.0.15-nt

/*!40101 SET @OLD_CHARACTER_SET_CLIENT=@@CHARACTER_SET_CLIENT */;
/*!40101 SET @OLD_CHARACTER_SET_RESULTS=@@CHARACTER_SET_RESULTS */;
/*!40101 SET @OLD_COLLATION_CONNECTION=@@COLLATION_CONNECTION */;
/*!40101 SET NAMES utf8 */;
/*!40103 SET @OLD_TIME_ZONE=@@TIME_ZONE */;
/*!40103 SET TIME_ZONE='+00:00' */;
/*!40014 SET @OLD_UNIQUE_CHECKS=@@UNIQUE_CHECKS, UNIQUE_CHECKS=0 */;
/*!40014 SET @OLD_FOREIGN_KEY_CHECKS=@@FOREIGN_KEY_CHECKS, FOREIGN_KEY_CHECKS=0 */;
/*!40101 SET @OLD_SQL_MODE=@@SQL_MODE, SQL_MODE='NO_AUTO_VALUE_ON_ZERO' */;
/*!40111 SET @OLD_SQL_NOTES=@@SQL_NOTES, SQL_NOTES=0 */;

--
-- Not dumping tablespaces as no INFORMATION_SCHEMA.FILES table on this server
--

--
-- Table structure for table `accounts`
--

DROP TABLE IF EXISTS `accounts`;
/*!40101 SET @saved_cs_client     = @@character_set_client */;
/*!40101 SET character_set_client = utf8 */;
CREATE TABLE `accounts` (
  `AccountID` int(11) NOT NULL auto_increment,
  `AccountName` varchar(45) collate latin1_general_ci default NULL,
  `Description` varchar(150) collate latin1_general_ci default NULL,
  `ParentAccountID` int(11) default NULL,
  PRIMARY KEY  (`AccountID`)
) ENGINE=MyISAM DEFAULT CHARSET=latin1 COLLATE=latin1_general_ci;
/*!40101 SET character_set_client = @saved_cs_client */;

--
-- Dumping data for table `accounts`
--

LOCK TABLES `accounts` WRITE;
/*!40000 ALTER TABLE `accounts` DISABLE KEYS */;
INSERT INTO `accounts` VALUES (1,'Assets','This account contains asset transactions.',NULL),(2,'Liabilities','Liabilities',NULL),(3,'Expenses','Expenses',NULL),(4,'Revenue','Revenue',NULL),(5,'Current Assets','Current Assets',1),(6,'Non Current Assets','Non Current Assets',1),(7,'Current Liabilities','Current Liabilities',2),(8,'Non Current Liabilities','Non Current Liabilities',2),(9,'Admin Expenses','Admin Expenses',3),(10,'Operational Expenses','Operational Expenses',3),(11,'Income','Income',4),(12,'Other Income','Other Income',4),(13,'Receivables','Receivables',5),(14,'Payables','Payables',7),(15,'Utility Bills Expenses','This account contains transactions against utility bills like electricity, water.',9);
/*!40000 ALTER TABLE `accounts` ENABLE KEYS */;
UNLOCK TABLES;

--
-- Table structure for table `business`
--

DROP TABLE IF EXISTS `business`;
/*!40101 SET @saved_cs_client     = @@character_set_client */;
/*!40101 SET character_set_client = utf8 */;
CREATE TABLE `business` (
  `BusinessID` int(11) NOT NULL auto_increment,
  `BusinessName` varchar(30) collate latin1_general_ci default NULL,
  `BusinessTypeID` int(11) default NULL,
  `City` varchar(20) collate latin1_general_ci default NULL,
  `State` varchar(20) collate latin1_general_ci default NULL,
  `Country` varchar(20) collate latin1_general_ci default NULL,
  `CurrencyCode` varchar(8) collate latin1_general_ci default NULL,
  `BusLogoFileName` varchar(250) collate latin1_general_ci default NULL,
  `Address` varchar(100) collate latin1_general_ci default NULL,
  `Slogan` varchar(100) collate latin1_general_ci default NULL,
  `EmailAddress` varchar(50) collate latin1_general_ci default NULL,
  `CellNumber` varchar(45) collate latin1_general_ci default NULL,
  `OfficeNumber` varchar(45) collate latin1_general_ci default NULL,
  PRIMARY KEY  (`BusinessID`)
) ENGINE=MyISAM DEFAULT CHARSET=latin1 COLLATE=latin1_general_ci;
/*!40101 SET character_set_client = @saved_cs_client */;

--
-- Dumping data for table `business`
--

LOCK TABLES `business` WRITE;
/*!40000 ALTER TABLE `business` DISABLE KEYS */;
INSERT INTO `business` VALUES (4,'DressUp',NULL,'Rawalpindi','Punjab','Pakistan','Rs','companylogo.jpg','House #1, Bostan Khan Road, Tanveer Avenue, near Chaklala Scheme 3','Your One Stop Shopffrfg','abdul.haseeb.ahmed@gmail.com','03339854904','0512011789');
/*!40000 ALTER TABLE `business` ENABLE KEYS */;
UNLOCK TABLES;

--
-- Table structure for table `businesstypes`
--

DROP TABLE IF EXISTS `businesstypes`;
/*!40101 SET @saved_cs_client     = @@character_set_client */;
/*!40101 SET character_set_client = utf8 */;
CREATE TABLE `businesstypes` (
  `BusinessTypeID` int(11) NOT NULL auto_increment,
  `BusinessTypeName` varchar(45) collate latin1_general_ci default NULL,
  PRIMARY KEY  (`BusinessTypeID`)
) ENGINE=MyISAM DEFAULT CHARSET=latin1 COLLATE=latin1_general_ci;
/*!40101 SET character_set_client = @saved_cs_client */;

--
-- Dumping data for table `businesstypes`
--

LOCK TABLES `businesstypes` WRITE;
/*!40000 ALTER TABLE `businesstypes` DISABLE KEYS */;
INSERT INTO `businesstypes` VALUES (1,'Grocery Store'),(2,'General Store'),(3,'Fast Food');
/*!40000 ALTER TABLE `businesstypes` ENABLE KEYS */;
UNLOCK TABLES;

--
-- Table structure for table `categories`
--

DROP TABLE IF EXISTS `categories`;
/*!40101 SET @saved_cs_client     = @@character_set_client */;
/*!40101 SET character_set_client = utf8 */;
CREATE TABLE `categories` (
  `CategoryID` int(11) NOT NULL auto_increment,
  `CategoryName` varchar(70) collate latin1_general_ci default NULL,
  `ParentCategoryID` int(11) default NULL,
  `Description` varchar(100) collate latin1_general_ci default NULL,
  PRIMARY KEY  (`CategoryID`)
) ENGINE=MyISAM DEFAULT CHARSET=latin1 COLLATE=latin1_general_ci;
/*!40101 SET character_set_client = @saved_cs_client */;

--
-- Dumping data for table `categories`
--

LOCK TABLES `categories` WRITE;
/*!40000 ALTER TABLE `categories` DISABLE KEYS */;
INSERT INTO `categories` VALUES (1,'shawl',NULL,''),(2,'Shaawl',1,''),(3,'Stalar',1,''),(4,'3 p suiting',1,''),(5,'RASHME',1,''),(6,'Test category',1,'');
/*!40000 ALTER TABLE `categories` ENABLE KEYS */;
UNLOCK TABLES;

--
-- Table structure for table `customers`
--

DROP TABLE IF EXISTS `customers`;
/*!40101 SET @saved_cs_client     = @@character_set_client */;
/*!40101 SET character_set_client = utf8 */;
CREATE TABLE `customers` (
  `CustomerID` int(11) NOT NULL auto_increment,
  `CustomerName` varchar(45) collate latin1_general_ci default NULL,
  `ContactNo` varchar(45) collate latin1_general_ci default NULL,
  `Address` varchar(100) collate latin1_general_ci default NULL,
  PRIMARY KEY  (`CustomerID`)
) ENGINE=MyISAM DEFAULT CHARSET=latin1 COLLATE=latin1_general_ci;
/*!40101 SET character_set_client = @saved_cs_client */;

--
-- Dumping data for table `customers`
--

LOCK TABLES `customers` WRITE;
/*!40000 ALTER TABLE `customers` DISABLE KEYS */;
/*!40000 ALTER TABLE `customers` ENABLE KEYS */;
UNLOCK TABLES;

--
-- Table structure for table `inventory`
--

DROP TABLE IF EXISTS `inventory`;
/*!40101 SET @saved_cs_client     = @@character_set_client */;
/*!40101 SET character_set_client = utf8 */;
CREATE TABLE `inventory` (
  `ProductID` int(11) NOT NULL,
  `Quantity` decimal(10,2) default NULL,
  `PackingTypeID` int(11) default NULL,
  `PurchasePrice` decimal(10,2) default NULL,
  `SalePrice` decimal(10,2) default NULL,
  `PurchaseDate` timestamp NULL default NULL,
  `SaleDate` datetime default NULL,
  `CreateDt` timestamp NULL default NULL,
  `UpdateDt` timestamp NULL default '0000-00-00 00:00:00',
  `SumQuantity` decimal(10,2) default NULL,
  `InvoiceID` varchar(45) collate latin1_general_ci default NULL,
  `RecordID` int(11) NOT NULL auto_increment,
  PRIMARY KEY  (`RecordID`,`ProductID`)
) ENGINE=MyISAM DEFAULT CHARSET=latin1 COLLATE=latin1_general_ci;
/*!40101 SET character_set_client = @saved_cs_client */;

--
-- Dumping data for table `inventory`
--

LOCK TABLES `inventory` WRITE;
/*!40000 ALTER TABLE `inventory` DISABLE KEYS */;
INSERT INTO `inventory` VALUES (1,0.00,0,0.00,0.00,NULL,NULL,'2016-05-27 15:06:49','2016-05-27 15:06:52',0.00,NULL,1),(1,13.00,NULL,1100.00,0.00,'2016-05-27 15:06:52',NULL,'2016-05-27 15:06:52','2016-05-27 15:07:32',13.00,'c05f0672-ede5-4d45-8cc8-89a3de28b075',2),(1,0.00,NULL,1100.00,1695.00,NULL,NULL,'2016-05-27 15:07:32','2016-05-27 16:02:04',12.00,NULL,3),(2,0.00,0,0.00,0.00,NULL,NULL,'2016-05-27 15:08:17','2016-05-27 15:08:20',0.00,NULL,4),(2,23.00,NULL,500.00,0.00,'2016-05-27 15:08:20',NULL,'2016-05-27 15:08:20','2016-05-27 15:08:53',23.00,'538a3064-609f-423f-a340-cca96dd0b4af',5),(2,0.00,NULL,500.00,995.00,NULL,NULL,'2016-05-27 15:08:53','2016-05-27 16:10:58',22.00,NULL,6),(1,1.00,NULL,1100.00,1695.00,NULL,'2016-05-27 09:02:04','2016-05-27 16:02:04','2016-05-27 16:13:25',11.00,'f849a876-6ed9-49fe-a90d-dbd9a7c869c2',7),(2,1.00,NULL,500.00,995.00,NULL,'2016-05-27 09:10:58','2016-05-27 16:10:58',NULL,22.00,'b85d4c46-ede5-4823-99d1-4b989c68f0c1',8),(1,1.00,NULL,1100.00,1695.00,NULL,'2016-05-27 09:13:25','2016-05-27 16:13:25',NULL,11.00,'cde45650-3aec-4e9e-96d9-79cd6dc2ade8',9),(3,0.00,0,0.00,0.00,NULL,NULL,'2016-05-28 07:24:21','2016-05-28 07:24:29',0.00,NULL,10),(3,7.00,NULL,1450.00,0.00,'2016-05-28 07:24:29',NULL,'2016-05-28 07:24:29','2016-05-28 07:25:20',7.00,'d0dc203a-6172-4e2e-811b-bb2ff98cc72e',11),(3,0.00,NULL,1450.00,2395.00,NULL,NULL,'2016-05-28 07:25:20',NULL,7.00,NULL,12),(4,0.00,0,0.00,0.00,NULL,NULL,'2016-05-28 07:26:29','2016-05-28 07:26:42',0.00,NULL,13),(4,6.00,NULL,1450.00,0.00,'2016-05-28 07:26:42',NULL,'2016-05-28 07:26:42','2016-05-28 07:27:23',6.00,'3f7db842-4924-443e-b7d2-aa6d40ed1b56',14),(4,0.00,NULL,1450.00,2395.00,NULL,NULL,'2016-05-28 07:27:23',NULL,6.00,NULL,15),(5,0.00,0,0.00,0.00,NULL,NULL,'2016-05-28 07:27:44','2016-05-28 07:27:47',0.00,NULL,16),(5,10.00,NULL,975.00,0.00,'2016-05-28 07:27:47',NULL,'2016-05-28 07:27:47','2016-05-28 07:28:30',10.00,'33794e54-3a95-4d56-866a-70d950908e78',17),(5,0.00,NULL,975.00,1595.00,NULL,NULL,'2016-05-28 07:28:30',NULL,10.00,NULL,18),(6,0.00,0,0.00,0.00,NULL,NULL,'2016-05-28 07:30:51','2016-05-28 07:30:53',0.00,NULL,19),(6,6.00,NULL,975.00,0.00,'2016-05-28 07:30:53',NULL,'2016-05-28 07:30:53','2016-05-28 07:32:23',6.00,'c103ad9f-ceef-40f3-afc4-6dc8c296c853',20),(6,0.00,NULL,975.00,1750.00,NULL,NULL,'2016-05-28 07:32:23',NULL,6.00,NULL,21),(7,0.00,0,0.00,0.00,NULL,NULL,'2016-05-28 07:32:58','2016-05-28 07:33:02',0.00,NULL,22),(7,4.00,NULL,925.00,0.00,'2016-05-28 07:33:02',NULL,'2016-05-28 07:33:02','2016-05-28 07:35:26',4.00,'d6308128-03ed-438e-abc8-01bda2b8af85',23),(7,0.00,NULL,925.00,1495.00,NULL,NULL,'2016-05-28 07:35:26',NULL,4.00,NULL,24),(8,0.00,0,0.00,0.00,NULL,NULL,'2016-05-28 07:35:55','2016-05-28 07:35:59',0.00,NULL,25),(8,2.00,NULL,1075.00,0.00,'2016-05-28 07:35:59',NULL,'2016-05-28 07:35:59','2016-05-28 07:37:57',2.00,'6d025fcc-5877-4af7-acd1-f7201f6edbb1',26),(8,0.00,NULL,1075.00,1750.00,NULL,NULL,'2016-05-28 07:37:57',NULL,2.00,NULL,27),(9,0.00,0,0.00,0.00,NULL,NULL,'2016-05-28 07:38:39','2016-05-28 07:56:58',0.00,NULL,28),(10,0.00,0,0.00,0.00,NULL,NULL,'2016-05-28 07:40:18','2016-05-28 07:40:20',0.00,NULL,29),(10,4.00,NULL,1125.00,0.00,'2016-05-28 07:40:20',NULL,'2016-05-28 07:40:20','2016-05-28 07:41:31',4.00,'1ca51b40-edcc-417a-bda2-8371c2d0933b',30),(10,0.00,NULL,1125.00,1850.00,NULL,NULL,'2016-05-28 07:41:31',NULL,4.00,NULL,31),(11,0.00,0,0.00,0.00,NULL,NULL,'2016-05-28 07:41:50','2016-05-28 07:41:53',0.00,NULL,32),(11,5.00,NULL,1075.00,0.00,'2016-05-28 07:41:53',NULL,'2016-05-28 07:41:53','2016-05-28 07:42:38',5.00,'c6f78410-305f-4c01-b562-3cddd89b69e7',33),(11,0.00,NULL,1075.00,1750.00,NULL,NULL,'2016-05-28 07:42:38',NULL,5.00,NULL,34),(12,0.00,0,0.00,0.00,NULL,NULL,'2016-05-28 07:44:16','2016-05-28 07:44:49',0.00,NULL,35),(12,4.00,NULL,1025.00,0.00,'2016-05-28 07:44:49',NULL,'2016-05-28 07:44:49','2016-05-28 07:46:38',4.00,'2de06c02-d441-4a8c-abee-151ba958c063',36),(12,0.00,NULL,1025.00,1650.00,NULL,NULL,'2016-05-28 07:46:38',NULL,4.00,NULL,37),(13,0.00,0,0.00,0.00,NULL,NULL,'2016-05-28 07:47:09','2016-05-28 07:47:12',0.00,NULL,38),(13,10.00,NULL,1050.00,0.00,'2016-05-28 07:47:12',NULL,'2016-05-28 07:47:12','2016-05-28 07:49:50',10.00,'40c53be7-d70c-4df5-90c5-83c9786eafac',39),(13,0.00,NULL,1050.00,1695.00,NULL,NULL,'2016-05-28 07:49:50',NULL,10.00,NULL,40),(14,0.00,0,0.00,0.00,NULL,NULL,'2016-05-28 07:50:04','2016-05-28 07:50:06',0.00,NULL,41),(14,10.00,NULL,860.00,0.00,'2016-05-28 07:50:06',NULL,'2016-05-28 07:50:06','2016-05-28 07:50:53',10.00,'83dfc84f-b467-45ef-964a-77f291e6d8ea',42),(14,0.00,NULL,860.00,1450.00,NULL,NULL,'2016-05-28 07:50:53',NULL,10.00,NULL,43),(15,0.00,0,0.00,0.00,NULL,NULL,'2016-05-28 07:51:20','2016-05-28 07:51:24',0.00,NULL,44),(15,6.00,NULL,1125.00,0.00,'2016-05-28 07:51:24',NULL,'2016-05-28 07:51:24','2016-05-28 07:52:11',6.00,'e0c705a9-1bfe-490e-9266-ac4b7e007431',45),(15,0.00,NULL,1125.00,1800.00,NULL,NULL,'2016-05-28 07:52:11',NULL,6.00,NULL,46),(16,0.00,0,0.00,0.00,NULL,NULL,'2016-05-28 07:52:32','2016-05-28 07:52:35',0.00,NULL,47),(16,12.00,NULL,750.00,0.00,'2016-05-28 07:52:35',NULL,'2016-05-28 07:52:35','2016-05-28 07:53:45',12.00,'44bd3e87-a178-46e2-a899-06895967918f',48),(16,0.00,NULL,750.00,1200.00,NULL,NULL,'2016-05-28 07:53:45',NULL,12.00,NULL,49),(9,8.00,NULL,1650.00,0.00,'2016-05-28 07:56:58',NULL,'2016-05-28 07:56:58','2016-05-28 08:00:01',8.00,'08223588-f4e6-48ec-8fd1-289a6f95f344',50),(9,0.00,NULL,1650.00,2695.00,NULL,NULL,'2016-05-28 08:00:01',NULL,8.00,NULL,51),(17,0.00,0,0.00,0.00,NULL,NULL,'2016-05-28 08:00:36','2016-05-28 08:00:39',0.00,NULL,52),(17,18.00,NULL,825.00,0.00,'2016-05-28 08:00:39',NULL,'2016-05-28 08:00:39','2016-05-28 08:01:30',18.00,'f1775552-d49e-40ce-a830-615b8043491d',53),(17,0.00,NULL,825.00,1395.00,NULL,NULL,'2016-05-28 08:01:30',NULL,18.00,NULL,54),(18,0.00,0,0.00,0.00,NULL,NULL,'2016-05-28 08:02:09','2016-05-28 08:04:23',0.00,NULL,55),(19,0.00,0,0.00,0.00,NULL,NULL,'2016-05-28 08:02:39','2016-05-28 08:05:04',0.00,NULL,56),(20,0.00,0,0.00,0.00,NULL,NULL,'2016-05-28 08:02:58','2016-05-28 08:05:50',0.00,NULL,57),(21,0.00,0,0.00,0.00,NULL,NULL,'2016-05-28 08:03:11','2016-05-28 08:06:39',0.00,NULL,58),(22,0.00,0,0.00,0.00,NULL,NULL,'2016-05-28 08:03:27','2016-05-28 08:07:34',0.00,NULL,59),(23,0.00,0,0.00,0.00,NULL,NULL,'2016-05-28 08:03:44','2016-05-28 08:08:18',0.00,NULL,60),(24,0.00,0,0.00,0.00,NULL,NULL,'2016-05-28 08:04:04','2016-05-28 08:08:58',0.00,NULL,61),(18,11.00,NULL,725.00,0.00,'2016-05-28 08:04:23',NULL,'2016-05-28 08:04:23','2016-05-28 08:05:01',11.00,'172cdb92-2511-442a-8cee-fefaca025783',62),(18,0.00,NULL,725.00,1195.00,NULL,NULL,'2016-05-28 08:05:01',NULL,11.00,NULL,63),(19,8.00,NULL,1075.00,0.00,'2016-05-28 08:05:04',NULL,'2016-05-28 08:05:04','2016-05-28 08:05:43',8.00,'43bb2bd6-bd01-43b7-a6ef-0946785437df',64),(19,0.00,NULL,1075.00,1750.00,NULL,NULL,'2016-05-28 08:05:43',NULL,8.00,NULL,65),(20,8.00,NULL,1050.00,0.00,'2016-05-28 08:05:50',NULL,'2016-05-28 08:05:50','2016-05-28 08:06:35',8.00,'a74d364b-72cf-4bf6-8057-d1798292b427',66),(20,0.00,NULL,1050.00,1695.00,NULL,NULL,'2016-05-28 08:06:35',NULL,8.00,NULL,67),(21,10.00,NULL,1390.00,0.00,'2016-05-28 08:06:39',NULL,'2016-05-28 08:06:39','2016-05-28 08:07:27',10.00,'0f3d9453-2869-4d33-8d96-c41649387c7a',68),(21,0.00,NULL,1390.00,2250.00,NULL,NULL,'2016-05-28 08:07:27',NULL,10.00,NULL,69),(22,3.00,NULL,1225.00,0.00,'2016-05-28 08:07:34',NULL,'2016-05-28 08:07:34','2016-05-28 08:08:15',3.00,'ba9c25eb-a09c-4238-bdc9-f890629812f4',70),(22,0.00,NULL,1225.00,1995.00,NULL,NULL,'2016-05-28 08:08:15',NULL,3.00,NULL,71),(23,14.00,NULL,850.00,0.00,'2016-05-28 08:08:18',NULL,'2016-05-28 08:08:18',NULL,14.00,'96b57b1a-df26-4527-a2cb-ddc1bffb492c',72),(24,12.00,NULL,850.00,0.00,'2016-05-28 08:08:58',NULL,'2016-05-28 08:08:58','2016-05-28 08:09:47',12.00,'00472a04-dd78-414f-b53a-1c0e7022d5b3',73),(24,0.00,NULL,850.00,1395.00,NULL,NULL,'2016-05-28 08:09:47',NULL,12.00,NULL,74),(25,0.00,0,0.00,0.00,NULL,NULL,'2016-05-28 09:32:53','2016-05-28 09:35:40',0.00,NULL,75),(26,0.00,0,0.00,0.00,NULL,NULL,'2016-05-28 09:33:10','2016-05-28 09:37:28',0.00,NULL,76),(27,0.00,0,0.00,0.00,NULL,NULL,'2016-05-28 09:33:26','2016-05-28 09:38:12',0.00,NULL,77),(28,0.00,0,0.00,0.00,NULL,NULL,'2016-05-28 09:33:46','2016-05-28 09:41:46',0.00,NULL,78),(29,0.00,0,0.00,0.00,NULL,NULL,'2016-05-28 09:34:11','2016-05-28 09:42:35',0.00,NULL,79),(30,0.00,0,0.00,0.00,NULL,NULL,'2016-05-28 09:34:24','2016-05-28 09:43:52',0.00,NULL,80),(31,0.00,0,0.00,0.00,NULL,NULL,'2016-05-28 09:34:38','2016-05-28 09:44:37',0.00,NULL,81),(32,0.00,0,0.00,0.00,NULL,NULL,'2016-05-28 09:35:06','2016-05-28 09:45:43',0.00,NULL,82),(33,0.00,0,0.00,0.00,NULL,NULL,'2016-05-28 09:35:30','2016-05-28 09:46:32',0.00,NULL,83),(25,6.00,NULL,1650.00,0.00,'2016-05-28 09:35:40',NULL,'2016-05-28 09:35:40','2016-05-28 09:37:24',6.00,'6b29d80d-1634-4237-9dd9-9c1937c8412f',84),(25,0.00,NULL,1650.00,2650.00,NULL,NULL,'2016-05-28 09:37:24',NULL,6.00,NULL,85),(26,7.00,NULL,1250.00,0.00,'2016-05-28 09:37:28',NULL,'2016-05-28 09:37:28','2016-05-28 09:38:10',7.00,'bb5fe891-798e-48fa-ba71-1d80a185c315',86),(26,0.00,NULL,1250.00,2000.00,NULL,NULL,'2016-05-28 09:38:10',NULL,7.00,NULL,87),(27,3.00,NULL,1225.00,0.00,'2016-05-28 09:38:12',NULL,'2016-05-28 09:38:12','2016-05-28 09:41:38',3.00,'eb36ddfb-1903-4a6a-ad59-27921f4d99b9',88),(27,0.00,NULL,1225.00,1975.00,NULL,NULL,'2016-05-28 09:41:38',NULL,3.00,NULL,89),(28,6.00,NULL,1690.00,0.00,'2016-05-28 09:41:46',NULL,'2016-05-28 09:41:46','2016-05-28 09:42:29',6.00,'3e9bd843-24f8-4885-9176-52045dd5599d',90),(28,0.00,NULL,1690.00,2750.00,NULL,NULL,'2016-05-28 09:42:29',NULL,6.00,NULL,91),(29,8.00,NULL,1350.00,0.00,'2016-05-28 09:42:35',NULL,'2016-05-28 09:42:35','2016-05-28 09:43:49',8.00,'3cc992cc-c208-4b53-b865-a434ec4dc4b5',92),(29,0.00,NULL,1350.00,1350.00,NULL,NULL,'2016-05-28 09:43:49',NULL,8.00,NULL,93),(30,6.00,NULL,1125.00,0.00,'2016-05-28 09:43:52',NULL,'2016-05-28 09:43:52','2016-05-28 09:44:34',6.00,'bd48ed00-5549-41be-86ec-1116e361e140',94),(30,0.00,NULL,1125.00,1800.00,NULL,NULL,'2016-05-28 09:44:34',NULL,6.00,NULL,95),(31,7.00,NULL,1095.00,0.00,'2016-05-28 09:44:37',NULL,'2016-05-28 09:44:37','2016-05-28 09:45:40',7.00,'02465f82-90e0-4b9a-b6b1-167231114593',96),(31,0.00,NULL,1095.00,1750.00,NULL,NULL,'2016-05-28 09:45:40',NULL,7.00,NULL,97),(32,6.00,NULL,575.00,0.00,'2016-05-28 09:45:43',NULL,'2016-05-28 09:45:43','2016-05-28 09:46:29',6.00,'d46d7752-1c23-48a0-b80c-f239bb371a3c',98),(32,0.00,NULL,575.00,950.00,NULL,NULL,'2016-05-28 09:46:29',NULL,6.00,NULL,99),(33,7.00,NULL,695.00,0.00,'2016-05-28 09:46:32',NULL,'2016-05-28 09:46:32','2016-05-28 09:47:13',7.00,'371f3521-7120-48af-9195-68ff8acd00db',100),(33,0.00,NULL,695.00,1150.00,NULL,NULL,'2016-05-28 09:47:13',NULL,7.00,NULL,101),(34,0.00,0,0.00,0.00,NULL,NULL,'2016-05-28 09:49:45','2016-05-28 09:54:43',0.00,NULL,102),(35,0.00,0,0.00,0.00,NULL,NULL,'2016-05-28 09:50:20','2016-05-28 09:54:43',0.00,NULL,103),(36,0.00,0,0.00,0.00,NULL,NULL,'2016-05-28 09:50:41','2016-05-28 09:54:43',0.00,NULL,104),(37,0.00,0,0.00,0.00,NULL,NULL,'2016-05-28 09:50:53','2016-05-28 09:54:43',0.00,NULL,105),(38,0.00,0,0.00,0.00,NULL,NULL,'2016-05-28 09:51:08','2016-05-28 09:54:43',0.00,NULL,106),(39,0.00,0,0.00,0.00,NULL,NULL,'2016-05-28 09:51:37','2016-05-28 09:54:43',0.00,NULL,107),(40,0.00,0,0.00,0.00,NULL,NULL,'2016-05-28 09:51:56','2016-05-28 09:54:43',0.00,NULL,108),(41,0.00,0,0.00,0.00,NULL,NULL,'2016-05-28 09:52:12','2016-05-28 09:58:56',0.00,NULL,109),(42,0.00,0,0.00,0.00,NULL,NULL,'2016-05-28 09:52:48','2016-05-28 09:58:56',0.00,NULL,110),(43,0.00,0,0.00,0.00,NULL,NULL,'2016-05-28 09:53:15','2016-05-28 09:58:56',0.00,NULL,111),(44,0.00,0,0.00,0.00,NULL,NULL,'2016-05-28 09:53:54','2016-05-28 10:00:51',0.00,NULL,112),(45,0.00,0,0.00,0.00,NULL,NULL,'2016-05-28 09:54:12','2016-05-28 10:00:51',0.00,NULL,113),(46,0.00,0,0.00,0.00,NULL,NULL,'2016-05-28 09:54:35','2016-05-28 10:00:51',0.00,NULL,114),(34,35.00,NULL,400.00,0.00,'2016-05-28 09:54:43',NULL,'2016-05-28 09:54:43','2016-05-28 10:02:30',35.00,'04bb700c-5af8-463a-92ae-9c6d837aa69d',115),(35,15.00,NULL,300.00,0.00,'2016-05-28 09:54:43',NULL,'2016-05-28 09:54:43','2016-05-28 10:02:39',15.00,'04bb700c-5af8-463a-92ae-9c6d837aa69d',116),(37,12.00,NULL,250.00,0.00,'2016-05-28 09:54:43',NULL,'2016-05-28 09:54:43','2016-05-28 10:02:58',12.00,'04bb700c-5af8-463a-92ae-9c6d837aa69d',117),(38,21.00,NULL,400.00,0.00,'2016-05-28 09:54:43',NULL,'2016-05-28 09:54:43','2016-05-28 10:03:11',21.00,'04bb700c-5af8-463a-92ae-9c6d837aa69d',118),(39,40.00,NULL,300.00,0.00,'2016-05-28 09:54:43',NULL,'2016-05-28 09:54:43','2016-05-28 10:03:21',40.00,'04bb700c-5af8-463a-92ae-9c6d837aa69d',119),(40,36.00,NULL,250.00,0.00,'2016-05-28 09:54:43',NULL,'2016-05-28 09:54:43','2016-05-28 10:03:30',36.00,'04bb700c-5af8-463a-92ae-9c6d837aa69d',120),(36,35.00,NULL,225.00,0.00,'2016-05-28 09:54:43',NULL,'2016-05-28 09:54:43','2016-05-28 10:02:49',35.00,'04bb700c-5af8-463a-92ae-9c6d837aa69d',121),(41,26.00,NULL,200.00,0.00,'2016-05-28 09:58:56',NULL,'2016-05-28 09:58:56','2016-05-28 10:03:41',26.00,'362ee506-6d20-4c97-b7c0-71d17e95334f',122),(42,72.00,NULL,150.00,0.00,'2016-05-28 09:58:56',NULL,'2016-05-28 09:58:56','2016-05-28 10:03:49',72.00,'362ee506-6d20-4c97-b7c0-71d17e95334f',123),(43,6.00,NULL,200.00,0.00,'2016-05-28 09:58:56',NULL,'2016-05-28 09:58:56','2016-05-28 10:04:00',6.00,'362ee506-6d20-4c97-b7c0-71d17e95334f',124),(44,11.00,NULL,250.00,0.00,'2016-05-28 10:00:51',NULL,'2016-05-28 10:00:51','2016-05-28 10:04:08',11.00,'9a992f06-f495-4eb9-8ea3-f0040a14d722',125),(45,12.00,NULL,300.00,0.00,'2016-05-28 10:00:51',NULL,'2016-05-28 10:00:51','2016-05-28 10:04:17',12.00,'9a992f06-f495-4eb9-8ea3-f0040a14d722',126),(46,17.00,NULL,350.00,0.00,'2016-05-28 10:00:51',NULL,'2016-05-28 10:00:51','2016-05-28 10:04:27',17.00,'9a992f06-f495-4eb9-8ea3-f0040a14d722',127),(34,0.00,NULL,400.00,795.00,NULL,NULL,'2016-05-28 10:02:30',NULL,35.00,NULL,128),(35,0.00,NULL,300.00,600.00,NULL,NULL,'2016-05-28 10:02:39',NULL,15.00,NULL,129),(36,0.00,NULL,225.00,375.00,NULL,NULL,'2016-05-28 10:02:49',NULL,35.00,NULL,130),(37,0.00,NULL,250.00,400.00,NULL,NULL,'2016-05-28 10:02:58',NULL,12.00,NULL,131),(38,0.00,NULL,400.00,400.00,NULL,NULL,'2016-05-28 10:03:11',NULL,21.00,NULL,132),(39,0.00,NULL,300.00,600.00,NULL,NULL,'2016-05-28 10:03:21',NULL,40.00,NULL,133),(40,0.00,NULL,250.00,450.00,NULL,NULL,'2016-05-28 10:03:30',NULL,36.00,NULL,134),(41,0.00,NULL,200.00,350.00,NULL,NULL,'2016-05-28 10:03:41',NULL,26.00,NULL,135),(42,0.00,NULL,150.00,300.00,NULL,NULL,'2016-05-28 10:03:49',NULL,72.00,NULL,136),(43,0.00,NULL,200.00,350.00,NULL,NULL,'2016-05-28 10:04:00',NULL,6.00,NULL,137),(44,0.00,NULL,250.00,400.00,NULL,NULL,'2016-05-28 10:04:08',NULL,11.00,NULL,138),(45,0.00,NULL,300.00,450.00,NULL,NULL,'2016-05-28 10:04:17',NULL,12.00,NULL,139),(46,0.00,NULL,350.00,650.00,NULL,NULL,'2016-05-28 10:04:27',NULL,17.00,NULL,140),(47,0.00,0,0.00,0.00,NULL,NULL,'2016-05-28 10:15:58','2016-05-28 10:34:11',0.00,NULL,141),(48,0.00,0,0.00,0.00,NULL,NULL,'2016-05-28 10:20:44','2016-05-28 10:34:11',0.00,NULL,142),(49,0.00,0,0.00,0.00,NULL,NULL,'2016-05-28 10:21:41','2016-05-28 10:34:11',0.00,NULL,143),(50,0.00,0,0.00,0.00,NULL,NULL,'2016-05-28 10:22:34','2016-05-28 10:34:11',0.00,NULL,144),(51,0.00,0,0.00,0.00,NULL,NULL,'2016-05-28 10:23:01','2016-05-28 10:34:11',0.00,NULL,145),(52,0.00,0,0.00,0.00,NULL,NULL,'2016-05-28 10:23:37','2016-05-28 10:34:11',0.00,NULL,146),(53,0.00,0,0.00,0.00,NULL,NULL,'2016-05-28 10:24:02','2016-05-28 10:34:11',0.00,NULL,147),(54,0.00,0,0.00,0.00,NULL,NULL,'2016-05-28 10:24:17','2016-05-28 10:34:11',0.00,NULL,148),(55,0.00,0,0.00,0.00,NULL,NULL,'2016-05-28 10:24:33','2016-05-28 10:34:11',0.00,NULL,149),(56,0.00,0,0.00,0.00,NULL,NULL,'2016-05-28 10:28:33','2016-05-28 10:34:11',0.00,NULL,150),(57,0.00,0,0.00,0.00,NULL,NULL,'2016-05-28 10:28:46','2016-05-28 10:34:11',0.00,NULL,151),(58,0.00,0,0.00,0.00,NULL,NULL,'2016-05-28 10:29:09','2016-05-28 10:34:11',0.00,NULL,152),(59,0.00,0,0.00,0.00,NULL,NULL,'2016-05-28 10:29:46','2016-05-28 10:34:11',0.00,NULL,153),(60,0.00,0,0.00,0.00,NULL,NULL,'2016-05-28 10:30:25','2016-05-28 10:34:11',0.00,NULL,154),(61,0.00,0,0.00,0.00,NULL,NULL,'2016-05-28 10:31:12','2016-05-28 10:34:11',0.00,NULL,155),(62,0.00,0,0.00,0.00,NULL,NULL,'2016-05-28 10:31:33','2016-05-28 10:34:11',0.00,NULL,156),(63,0.00,0,0.00,0.00,NULL,NULL,'2016-05-28 10:31:51','2016-05-28 10:34:11',0.00,NULL,157),(64,0.00,0,0.00,0.00,NULL,NULL,'2016-05-28 10:32:07','2016-05-28 10:34:11',0.00,NULL,158),(65,0.00,0,0.00,0.00,NULL,NULL,'2016-05-28 10:32:32','2016-05-28 10:34:11',0.00,NULL,159),(66,0.00,0,0.00,0.00,NULL,NULL,'2016-05-28 10:32:46','2016-05-28 10:34:11',0.00,NULL,160),(67,0.00,0,0.00,0.00,NULL,NULL,'2016-05-28 10:33:00','2016-05-28 10:34:11',0.00,NULL,161),(68,0.00,0,0.00,0.00,NULL,NULL,'2016-05-28 10:33:43','2016-05-28 10:34:11',0.00,NULL,162),(47,24.00,NULL,2600.00,0.00,'2016-05-28 10:34:11',NULL,'2016-05-28 10:34:11','2016-05-28 10:43:54',24.00,'89b023a8-d06f-44ba-bc42-16751bfdb76f',163),(48,8.00,NULL,2000.00,0.00,'2016-05-28 10:34:11',NULL,'2016-05-28 10:34:11','2016-05-28 10:44:03',8.00,'89b023a8-d06f-44ba-bc42-16751bfdb76f',164),(49,6.00,NULL,2800.00,0.00,'2016-05-28 10:34:11',NULL,'2016-05-28 10:34:11','2016-05-28 10:44:12',6.00,'89b023a8-d06f-44ba-bc42-16751bfdb76f',165),(50,5.00,NULL,2200.00,0.00,'2016-05-28 10:34:11',NULL,'2016-05-28 10:34:11','2016-05-28 10:44:25',5.00,'89b023a8-d06f-44ba-bc42-16751bfdb76f',166),(51,6.00,NULL,2200.00,0.00,'2016-05-28 10:34:11',NULL,'2016-05-28 10:34:11','2016-05-28 10:44:35',6.00,'89b023a8-d06f-44ba-bc42-16751bfdb76f',167),(52,5.00,NULL,2200.00,0.00,'2016-05-28 10:34:11',NULL,'2016-05-28 10:34:11','2016-05-28 10:44:59',5.00,'89b023a8-d06f-44ba-bc42-16751bfdb76f',168),(53,3.00,NULL,2800.00,0.00,'2016-05-28 10:34:11',NULL,'2016-05-28 10:34:11','2016-05-28 10:45:13',3.00,'89b023a8-d06f-44ba-bc42-16751bfdb76f',169),(54,6.00,NULL,2700.00,0.00,'2016-05-28 10:34:11',NULL,'2016-05-28 10:34:11','2016-05-28 10:45:29',6.00,'89b023a8-d06f-44ba-bc42-16751bfdb76f',170),(55,6.00,NULL,2800.00,0.00,'2016-05-28 10:34:11',NULL,'2016-05-28 10:34:11','2016-05-28 10:45:46',6.00,'89b023a8-d06f-44ba-bc42-16751bfdb76f',171),(56,4.00,NULL,3000.00,0.00,'2016-05-28 10:34:11',NULL,'2016-05-28 10:34:11','2016-05-28 10:45:58',4.00,'89b023a8-d06f-44ba-bc42-16751bfdb76f',172),(57,6.00,NULL,2500.00,0.00,'2016-05-28 10:34:11',NULL,'2016-05-28 10:34:11','2016-05-28 10:46:13',6.00,'89b023a8-d06f-44ba-bc42-16751bfdb76f',173),(58,15.00,NULL,1350.00,0.00,'2016-05-28 10:34:11',NULL,'2016-05-28 10:34:11','2016-05-28 10:46:25',15.00,'89b023a8-d06f-44ba-bc42-16751bfdb76f',174),(59,10.00,NULL,1300.00,0.00,'2016-05-28 10:34:11',NULL,'2016-05-28 10:34:11','2016-05-28 10:46:37',10.00,'89b023a8-d06f-44ba-bc42-16751bfdb76f',175),(60,8.00,NULL,1350.00,0.00,'2016-05-28 10:34:11',NULL,'2016-05-28 10:34:11','2016-05-28 10:46:47',8.00,'89b023a8-d06f-44ba-bc42-16751bfdb76f',176),(61,6.00,NULL,1950.00,0.00,'2016-05-28 10:34:11',NULL,'2016-05-28 10:34:11','2016-05-28 10:46:58',6.00,'89b023a8-d06f-44ba-bc42-16751bfdb76f',177),(62,6.00,NULL,1950.00,0.00,'2016-05-28 10:34:11',NULL,'2016-05-28 10:34:11','2016-05-28 10:47:12',6.00,'89b023a8-d06f-44ba-bc42-16751bfdb76f',178),(63,25.00,NULL,1350.00,0.00,'2016-05-28 10:34:11',NULL,'2016-05-28 10:34:11','2016-05-28 10:47:25',25.00,'89b023a8-d06f-44ba-bc42-16751bfdb76f',179),(64,4.00,NULL,1550.00,0.00,'2016-05-28 10:34:11',NULL,'2016-05-28 10:34:11','2016-05-28 10:47:37',4.00,'89b023a8-d06f-44ba-bc42-16751bfdb76f',180),(65,6.00,NULL,1950.00,0.00,'2016-05-28 10:34:11',NULL,'2016-05-28 10:34:11','2016-05-28 10:47:47',6.00,'89b023a8-d06f-44ba-bc42-16751bfdb76f',181),(66,17.00,NULL,1600.00,0.00,'2016-05-28 10:34:11',NULL,'2016-05-28 10:34:11','2016-05-28 10:48:23',17.00,'89b023a8-d06f-44ba-bc42-16751bfdb76f',182),(67,4.00,NULL,1600.00,0.00,'2016-05-28 10:34:11',NULL,'2016-05-28 10:34:11','2016-05-28 10:48:35',4.00,'89b023a8-d06f-44ba-bc42-16751bfdb76f',183),(68,2.00,NULL,1995.00,0.00,'2016-05-28 10:34:11',NULL,'2016-05-28 10:34:11','2016-05-28 10:48:45',2.00,'89b023a8-d06f-44ba-bc42-16751bfdb76f',184),(47,0.00,NULL,2600.00,3295.00,NULL,NULL,'2016-05-28 10:43:54',NULL,24.00,NULL,185),(48,0.00,NULL,2000.00,2795.00,NULL,NULL,'2016-05-28 10:44:03',NULL,8.00,NULL,186),(49,0.00,NULL,2800.00,3895.00,NULL,NULL,'2016-05-28 10:44:12',NULL,6.00,NULL,187),(50,0.00,NULL,2200.00,3295.00,NULL,NULL,'2016-05-28 10:44:25',NULL,5.00,NULL,188),(51,0.00,NULL,2200.00,3295.00,NULL,NULL,'2016-05-28 10:44:35',NULL,6.00,NULL,189),(52,0.00,NULL,2200.00,3295.00,NULL,NULL,'2016-05-28 10:44:59',NULL,5.00,NULL,190),(53,0.00,NULL,2800.00,3895.00,NULL,NULL,'2016-05-28 10:45:13',NULL,3.00,NULL,191),(54,0.00,NULL,2700.00,3750.00,NULL,NULL,'2016-05-28 10:45:29',NULL,6.00,NULL,192),(55,0.00,NULL,2800.00,3950.00,NULL,NULL,'2016-05-28 10:45:46',NULL,6.00,NULL,193),(56,0.00,NULL,3000.00,4295.00,NULL,NULL,'2016-05-28 10:45:58',NULL,4.00,NULL,194),(57,0.00,NULL,2500.00,3575.00,NULL,NULL,'2016-05-28 10:46:13',NULL,6.00,NULL,195),(58,0.00,NULL,1350.00,1895.00,NULL,NULL,'2016-05-28 10:46:25',NULL,15.00,NULL,196),(59,0.00,NULL,1300.00,1695.00,NULL,NULL,'2016-05-28 10:46:37',NULL,10.00,NULL,197),(60,0.00,NULL,1350.00,1895.00,NULL,NULL,'2016-05-28 10:46:47',NULL,8.00,NULL,198),(61,0.00,NULL,1950.00,2875.00,NULL,NULL,'2016-05-28 10:46:58',NULL,6.00,NULL,199),(62,0.00,NULL,1950.00,2895.00,NULL,NULL,'2016-05-28 10:47:12',NULL,6.00,NULL,200),(63,0.00,NULL,1350.00,1895.00,NULL,NULL,'2016-05-28 10:47:25',NULL,25.00,NULL,201),(64,0.00,NULL,1550.00,2350.00,NULL,NULL,'2016-05-28 10:47:37',NULL,4.00,NULL,202),(65,0.00,NULL,1950.00,2950.00,NULL,NULL,'2016-05-28 10:47:47',NULL,6.00,NULL,203),(66,0.00,NULL,1600.00,2295.00,NULL,NULL,'2016-05-28 10:48:23','2016-05-30 15:43:53',17.00,NULL,204),(67,0.00,NULL,1600.00,2295.00,NULL,NULL,'2016-05-28 10:48:35',NULL,4.00,NULL,205),(68,0.00,NULL,1995.00,2895.00,NULL,NULL,'2016-05-28 10:48:45',NULL,2.00,NULL,206),(69,0.00,0,0.00,0.00,NULL,NULL,'2016-05-28 10:51:48','2016-05-28 11:01:16',0.00,NULL,207),(70,0.00,0,0.00,0.00,NULL,NULL,'2016-05-28 10:52:04','2016-05-28 11:01:16',0.00,NULL,208),(71,0.00,0,0.00,0.00,NULL,NULL,'2016-05-28 10:52:30','2016-05-28 11:01:16',0.00,NULL,209),(72,0.00,0,0.00,0.00,NULL,NULL,'2016-05-28 10:52:43','2016-05-28 11:01:16',0.00,NULL,210),(73,0.00,0,0.00,0.00,NULL,NULL,'2016-05-28 10:52:54','2016-05-28 11:01:16',0.00,NULL,211),(74,0.00,0,0.00,0.00,NULL,NULL,'2016-05-28 10:53:08','2016-05-28 11:01:16',0.00,NULL,212),(75,0.00,0,0.00,0.00,NULL,NULL,'2016-05-28 10:53:25','2016-05-28 11:01:16',0.00,NULL,213),(76,0.00,0,0.00,0.00,NULL,NULL,'2016-05-28 10:53:36','2016-05-28 11:01:16',0.00,NULL,214),(77,0.00,0,0.00,0.00,NULL,NULL,'2016-05-28 10:53:47','2016-05-28 11:01:16',0.00,NULL,215),(78,0.00,0,0.00,0.00,NULL,NULL,'2016-05-28 10:55:02','2016-05-28 11:01:16',0.00,NULL,216),(79,0.00,0,0.00,0.00,NULL,NULL,'2016-05-28 10:55:30','2016-05-28 11:01:16',0.00,NULL,217),(80,0.00,0,0.00,0.00,NULL,NULL,'2016-05-28 10:57:16','2016-05-28 11:01:16',0.00,NULL,218),(81,0.00,0,0.00,0.00,NULL,NULL,'2016-05-28 10:57:40','2016-05-28 11:01:16',0.00,NULL,219),(82,0.00,0,0.00,0.00,NULL,NULL,'2016-05-28 10:58:27','2016-05-28 11:01:16',0.00,NULL,220),(83,0.00,0,0.00,0.00,NULL,NULL,'2016-05-28 10:59:08','2016-05-28 11:01:16',0.00,NULL,221),(84,0.00,0,0.00,0.00,NULL,NULL,'2016-05-28 10:59:21','2016-05-28 11:01:16',0.00,NULL,222),(85,0.00,0,0.00,0.00,NULL,NULL,'2016-05-28 10:59:32','2016-05-28 11:01:16',0.00,NULL,223),(86,0.00,0,0.00,0.00,NULL,NULL,'2016-05-28 10:59:45','2016-05-28 11:01:16',0.00,NULL,224),(87,0.00,0,0.00,0.00,NULL,NULL,'2016-05-28 11:00:04','2016-05-28 11:01:16',0.00,NULL,225),(88,0.00,0,0.00,0.00,NULL,NULL,'2016-05-28 11:00:31','2016-05-28 11:01:16',0.00,NULL,226),(89,0.00,0,0.00,0.00,NULL,NULL,'2016-05-28 11:00:52','2016-05-28 11:01:16',0.00,NULL,227),(90,0.00,0,0.00,0.00,NULL,NULL,'2016-05-28 11:01:12','2016-05-28 11:01:16',0.00,NULL,228),(69,1.00,NULL,3000.00,0.00,'2016-05-28 11:01:16',NULL,'2016-05-28 11:01:16','2016-05-28 11:13:42',1.00,'fe38864e-70a0-4178-8c67-9dea035be22f',229),(70,1.00,NULL,3500.00,0.00,'2016-05-28 11:01:16',NULL,'2016-05-28 11:01:16','2016-05-28 11:13:31',1.00,'fe38864e-70a0-4178-8c67-9dea035be22f',230),(71,3.00,NULL,3000.00,0.00,'2016-05-28 11:01:16',NULL,'2016-05-28 11:01:16','2016-05-28 11:13:22',3.00,'fe38864e-70a0-4178-8c67-9dea035be22f',231),(72,1.00,NULL,3500.00,0.00,'2016-05-28 11:01:16',NULL,'2016-05-28 11:01:16','2016-05-28 11:13:12',1.00,'fe38864e-70a0-4178-8c67-9dea035be22f',232),(73,2.00,NULL,4000.00,0.00,'2016-05-28 11:01:16',NULL,'2016-05-28 11:01:16','2016-05-28 11:12:56',2.00,'fe38864e-70a0-4178-8c67-9dea035be22f',233),(74,4.00,NULL,3500.00,0.00,'2016-05-28 11:01:16',NULL,'2016-05-28 11:01:16','2016-05-28 11:12:47',4.00,'fe38864e-70a0-4178-8c67-9dea035be22f',234),(75,4.00,NULL,3200.00,0.00,'2016-05-28 11:01:16',NULL,'2016-05-28 11:01:16','2016-05-28 11:12:37',4.00,'fe38864e-70a0-4178-8c67-9dea035be22f',235),(76,5.00,NULL,3750.00,0.00,'2016-05-28 11:01:16',NULL,'2016-05-28 11:01:16','2016-05-28 11:12:25',5.00,'fe38864e-70a0-4178-8c67-9dea035be22f',236),(77,3.00,NULL,3750.00,0.00,'2016-05-28 11:01:16',NULL,'2016-05-28 11:01:16','2016-05-28 11:12:10',3.00,'fe38864e-70a0-4178-8c67-9dea035be22f',237),(78,4.00,NULL,3000.00,0.00,'2016-05-28 11:01:16',NULL,'2016-05-28 11:01:16','2016-05-28 11:11:48',4.00,'fe38864e-70a0-4178-8c67-9dea035be22f',238),(79,3.00,NULL,4500.00,0.00,'2016-05-28 11:01:16',NULL,'2016-05-28 11:01:16','2016-05-28 11:11:33',3.00,'fe38864e-70a0-4178-8c67-9dea035be22f',239),(80,8.00,NULL,4250.00,0.00,'2016-05-28 11:01:16',NULL,'2016-05-28 11:01:16','2016-05-28 11:11:21',8.00,'fe38864e-70a0-4178-8c67-9dea035be22f',240),(81,1.00,NULL,4500.00,0.00,'2016-05-28 11:01:16',NULL,'2016-05-28 11:01:16','2016-05-28 11:11:09',1.00,'fe38864e-70a0-4178-8c67-9dea035be22f',241),(82,1.00,NULL,4800.00,0.00,'2016-05-28 11:01:16',NULL,'2016-05-28 11:01:16','2016-05-28 11:11:01',1.00,'fe38864e-70a0-4178-8c67-9dea035be22f',242),(83,1.00,NULL,5000.00,0.00,'2016-05-28 11:01:16',NULL,'2016-05-28 11:01:16','2016-05-28 11:10:52',1.00,'fe38864e-70a0-4178-8c67-9dea035be22f',243),(84,4.00,NULL,3850.00,0.00,'2016-05-28 11:01:16',NULL,'2016-05-28 11:01:16','2016-05-28 11:10:37',4.00,'fe38864e-70a0-4178-8c67-9dea035be22f',244),(85,11.00,NULL,3250.00,0.00,'2016-05-28 11:01:16',NULL,'2016-05-28 11:01:16','2016-05-28 11:10:22',11.00,'fe38864e-70a0-4178-8c67-9dea035be22f',245),(86,2.00,NULL,4500.00,0.00,'2016-05-28 11:01:16',NULL,'2016-05-28 11:01:16','2016-05-28 11:09:56',2.00,'fe38864e-70a0-4178-8c67-9dea035be22f',246),(87,4.00,NULL,2450.00,0.00,'2016-05-28 11:01:16',NULL,'2016-05-28 11:01:16','2016-05-28 11:09:47',4.00,'fe38864e-70a0-4178-8c67-9dea035be22f',247),(88,3.00,NULL,2650.00,0.00,'2016-05-28 11:01:16',NULL,'2016-05-28 11:01:16','2016-05-28 11:09:38',3.00,'fe38864e-70a0-4178-8c67-9dea035be22f',248),(89,4.00,NULL,2650.00,0.00,'2016-05-28 11:01:16',NULL,'2016-05-28 11:01:16','2016-05-28 11:09:26',4.00,'fe38864e-70a0-4178-8c67-9dea035be22f',249),(90,6.00,NULL,2200.00,0.00,'2016-05-28 11:01:16',NULL,'2016-05-28 11:01:16','2016-05-28 11:09:18',6.00,'fe38864e-70a0-4178-8c67-9dea035be22f',250),(90,0.00,NULL,2200.00,3500.00,NULL,NULL,'2016-05-28 11:09:18',NULL,6.00,NULL,251),(89,0.00,NULL,2650.00,4500.00,NULL,NULL,'2016-05-28 11:09:26',NULL,4.00,NULL,252),(88,0.00,NULL,2650.00,4500.00,NULL,NULL,'2016-05-28 11:09:38',NULL,3.00,NULL,253),(87,0.00,NULL,2450.00,3575.00,NULL,NULL,'2016-05-28 11:09:47',NULL,4.00,NULL,254),(86,0.00,NULL,4500.00,5750.00,NULL,NULL,'2016-05-28 11:09:56',NULL,2.00,NULL,255),(85,0.00,NULL,3250.00,4695.00,NULL,NULL,'2016-05-28 11:10:22',NULL,11.00,NULL,256),(84,0.00,NULL,3850.00,5500.00,NULL,NULL,'2016-05-28 11:10:37',NULL,4.00,NULL,257),(83,0.00,NULL,5000.00,7500.00,NULL,NULL,'2016-05-28 11:10:52',NULL,1.00,NULL,258),(82,0.00,NULL,4800.00,7000.00,NULL,NULL,'2016-05-28 11:11:01',NULL,1.00,NULL,259),(81,0.00,NULL,4500.00,6500.00,NULL,NULL,'2016-05-28 11:11:09',NULL,1.00,NULL,260),(80,0.00,NULL,4250.00,6150.00,NULL,NULL,'2016-05-28 11:11:21',NULL,8.00,NULL,261),(79,0.00,NULL,4500.00,6500.00,NULL,NULL,'2016-05-28 11:11:33',NULL,3.00,NULL,262),(78,0.00,NULL,3000.00,4395.00,NULL,NULL,'2016-05-28 11:11:48',NULL,4.00,NULL,263),(77,0.00,NULL,3750.00,5895.00,NULL,NULL,'2016-05-28 11:12:10',NULL,3.00,NULL,264),(76,0.00,NULL,3750.00,5450.00,NULL,NULL,'2016-05-28 11:12:25',NULL,5.00,NULL,265),(75,0.00,NULL,3200.00,4475.00,NULL,NULL,'2016-05-28 11:12:37',NULL,4.00,NULL,266),(74,0.00,NULL,3500.00,4950.00,NULL,NULL,'2016-05-28 11:12:47',NULL,4.00,NULL,267),(73,0.00,NULL,4000.00,5750.00,NULL,NULL,'2016-05-28 11:12:56',NULL,2.00,NULL,268),(72,0.00,NULL,3500.00,4850.00,NULL,NULL,'2016-05-28 11:13:12',NULL,1.00,NULL,269),(71,0.00,NULL,3000.00,4350.00,NULL,NULL,'2016-05-28 11:13:22',NULL,3.00,NULL,270),(70,0.00,NULL,3500.00,4895.00,NULL,NULL,'2016-05-28 11:13:31',NULL,1.00,NULL,271),(69,0.00,NULL,3000.00,4295.00,NULL,NULL,'2016-05-28 11:13:42',NULL,1.00,NULL,272),(91,0.00,0,0.00,0.00,NULL,NULL,'2016-05-29 07:47:29','2016-05-29 07:47:31',0.00,NULL,273),(91,2.00,NULL,100.00,0.00,'2016-05-29 07:47:31',NULL,'2016-05-29 07:47:31','2016-05-29 07:48:05',2.00,'7c513c79-8742-4f12-8165-c843f7701795',274),(91,0.00,NULL,100.00,200.00,NULL,NULL,'2016-05-29 07:48:05','2016-05-29 07:48:08',1.00,NULL,275),(91,1.00,NULL,100.00,200.00,NULL,'2016-05-29 00:48:08','2016-05-29 07:48:08','2016-05-29 07:49:48',0.00,'b2329094-47f5-4b3a-9887-267e7a02bd93',276),(91,0.00,NULL,100.00,200.00,NULL,'2016-05-29 00:49:48','2016-05-29 07:49:48','2016-05-30 15:15:23',0.00,'20c65389-9ab1-4bd2-8765-937ddac97e29',277),(91,5.00,NULL,100.00,200.00,'2016-05-30 15:15:23',NULL,'2016-05-30 15:15:23','2016-05-30 15:20:14',5.00,'4ea15e27-7ba5-4f25-a954-b49980c1241b',278),(91,5.00,NULL,100.00,200.00,'2016-05-30 15:20:14',NULL,'2016-05-30 15:20:14','2016-05-30 16:48:41',5.00,'caf4d87a-d225-4c06-b8b7-de71fc743c9b',279),(66,4.00,NULL,1600.00,2295.00,'2016-05-30 15:43:53',NULL,'2016-05-30 15:43:53','2016-05-30 15:48:40',16.00,'4a12344a-7675-4313-9b0c-a9e1f203b59b',280),(66,5.00,NULL,1600.00,2295.00,NULL,'2016-05-30 08:48:40','2016-05-30 15:48:40',NULL,16.00,'636bc70a-3e4b-43e5-aa94-b466c99055fd',281),(92,0.00,0,0.00,0.00,NULL,NULL,'2016-05-30 15:57:37','2016-05-30 16:01:03',0.00,NULL,282),(93,0.00,0,0.00,0.00,NULL,NULL,'2016-05-30 15:58:09','2016-05-30 16:01:03',0.00,NULL,283),(94,0.00,0,0.00,0.00,NULL,NULL,'2016-05-30 15:59:31','2016-05-30 16:01:03',0.00,NULL,284),(95,0.00,0,0.00,0.00,NULL,NULL,'2016-05-30 16:00:16','2016-05-30 16:01:03',0.00,NULL,285),(96,0.00,0,0.00,0.00,NULL,NULL,'2016-05-30 16:00:58','2016-05-30 16:01:03',0.00,NULL,286),(92,11.00,NULL,1995.00,0.00,'2016-05-30 16:01:03',NULL,'2016-05-30 16:01:03','2016-05-30 16:07:02',11.00,'413f27a3-c2e4-4202-81d3-84817cd5d0cf',287),(93,14.00,NULL,1750.00,0.00,'2016-05-30 16:01:03',NULL,'2016-05-30 16:01:03','2016-05-30 16:07:16',14.00,'413f27a3-c2e4-4202-81d3-84817cd5d0cf',288),(94,13.00,NULL,1275.00,0.00,'2016-05-30 16:01:03',NULL,'2016-05-30 16:01:03','2016-05-30 16:07:27',13.00,'413f27a3-c2e4-4202-81d3-84817cd5d0cf',289),(96,11.00,NULL,1600.00,0.00,'2016-05-30 16:01:03',NULL,'2016-05-30 16:01:03','2016-05-30 16:07:52',11.00,'413f27a3-c2e4-4202-81d3-84817cd5d0cf',290),(95,6.00,NULL,1275.00,0.00,'2016-05-30 16:01:03',NULL,'2016-05-30 16:01:03','2016-05-30 16:07:41',6.00,'413f27a3-c2e4-4202-81d3-84817cd5d0cf',291),(92,0.00,NULL,1995.00,2895.00,NULL,NULL,'2016-05-30 16:07:02',NULL,11.00,NULL,292),(93,0.00,NULL,1750.00,2500.00,NULL,NULL,'2016-05-30 16:07:16',NULL,14.00,NULL,293),(94,0.00,NULL,1275.00,1650.00,NULL,NULL,'2016-05-30 16:07:27',NULL,13.00,NULL,294),(95,0.00,NULL,1275.00,1850.00,NULL,NULL,'2016-05-30 16:07:41',NULL,6.00,NULL,295),(96,0.00,NULL,1600.00,2290.00,NULL,NULL,'2016-05-30 16:07:52',NULL,11.00,NULL,296),(91,5.00,NULL,100.00,200.00,NULL,'2016-05-30 09:48:41','2016-05-30 16:48:41','2016-05-30 16:48:41',4.00,'27064541-2cd1-47dd-8b81-0a4b98b4f8fb',297),(91,1.00,NULL,100.00,200.00,NULL,'2016-05-30 09:48:41','2016-05-30 16:48:41',NULL,4.00,'27064541-2cd1-47dd-8b81-0a4b98b4f8fb',298);
/*!40000 ALTER TABLE `inventory` ENABLE KEYS */;
UNLOCK TABLES;

--
-- Temporary view structure for view `most_sellable_product`
--

DROP TABLE IF EXISTS `most_sellable_product`;
/*!50001 DROP VIEW IF EXISTS `most_sellable_product`*/;
SET @saved_cs_client     = @@character_set_client;
SET character_set_client = utf8;
/*!50001 CREATE VIEW `most_sellable_product` AS SELECT 
 1 AS `PRODUCTID`,
 1 AS `SUMY`*/;
SET character_set_client = @saved_cs_client;

--
-- Table structure for table `packingtypes`
--

DROP TABLE IF EXISTS `packingtypes`;
/*!40101 SET @saved_cs_client     = @@character_set_client */;
/*!40101 SET character_set_client = utf8 */;
CREATE TABLE `packingtypes` (
  `PackingTypeID` int(11) NOT NULL auto_increment,
  `PackingTypes` varchar(45) collate latin1_general_ci default NULL,
  PRIMARY KEY  (`PackingTypeID`)
) ENGINE=MyISAM DEFAULT CHARSET=latin1 COLLATE=latin1_general_ci;
/*!40101 SET character_set_client = @saved_cs_client */;

--
-- Dumping data for table `packingtypes`
--

LOCK TABLES `packingtypes` WRITE;
/*!40000 ALTER TABLE `packingtypes` DISABLE KEYS */;
/*!40000 ALTER TABLE `packingtypes` ENABLE KEYS */;
UNLOCK TABLES;

--
-- Table structure for table `posusers`
--

DROP TABLE IF EXISTS `posusers`;
/*!40101 SET @saved_cs_client     = @@character_set_client */;
/*!40101 SET character_set_client = utf8 */;
CREATE TABLE `posusers` (
  `UserID` int(11) NOT NULL auto_increment,
  `UserName` varchar(45) collate latin1_general_ci default NULL,
  `Password` varchar(45) collate latin1_general_ci default NULL,
  `LastLoginTime` datetime default NULL,
  `RoleID` int(11) NOT NULL,
  `LogoutTime` datetime default NULL,
  `createdt` datetime default NULL,
  `updatedt` datetime default NULL,
  PRIMARY KEY  (`UserID`,`RoleID`)
) ENGINE=MyISAM DEFAULT CHARSET=latin1 COLLATE=latin1_general_ci;
/*!40101 SET character_set_client = @saved_cs_client */;

--
-- Dumping data for table `posusers`
--

LOCK TABLES `posusers` WRITE;
/*!40000 ALTER TABLE `posusers` DISABLE KEYS */;
INSERT INTO `posusers` VALUES (4,'abc','abc',NULL,2,NULL,NULL,NULL),(2,'admin','adminpassword','2015-06-04 12:15:15',1,NULL,NULL,NULL);
/*!40000 ALTER TABLE `posusers` ENABLE KEYS */;
UNLOCK TABLES;

--
-- Temporary view structure for view `product_count`
--

DROP TABLE IF EXISTS `product_count`;
/*!50001 DROP VIEW IF EXISTS `product_count`*/;
SET @saved_cs_client     = @@character_set_client;
SET character_set_client = utf8;
/*!50001 CREATE VIEW `product_count` AS SELECT 
 1 AS `productid`,
 1 AS `sum_quantity`,
 1 AS `normal_date`,
 1 AS `daystring`,
 1 AS `dayint`,
 1 AS `monthstring`,
 1 AS `yearint`,
 1 AS `hourint`*/;
SET character_set_client = @saved_cs_client;

--
-- Table structure for table `products`
--

DROP TABLE IF EXISTS `products`;
/*!40101 SET @saved_cs_client     = @@character_set_client */;
/*!40101 SET character_set_client = utf8 */;
CREATE TABLE `products` (
  `ProductID` int(11) NOT NULL auto_increment,
  `ProductName` varchar(45) collate latin1_general_ci default NULL,
  `ProductDescription` varchar(100) collate latin1_general_ci default NULL,
  `SupplierID` int(11) default NULL,
  `ProductTypeID` int(11) default NULL,
  `CategoryID` int(11) default NULL,
  `Barcode` varchar(20) collate latin1_general_ci default NULL,
  `ImageFileName` varchar(80) collate latin1_general_ci default NULL,
  `GuaranteePeriodYears` varchar(10) collate latin1_general_ci default NULL,
  `WarrantyPeriodYears` varchar(10) collate latin1_general_ci default NULL,
  `ProductSize` varchar(10) collate latin1_general_ci default NULL,
  `ProductWeight` varchar(10) collate latin1_general_ci default NULL,
  `ProductWidth` varchar(10) collate latin1_general_ci default NULL,
  `ProductHeight` varchar(10) collate latin1_general_ci default NULL,
  `ProductColor` varchar(15) collate latin1_general_ci default NULL,
  `ProductCode` varchar(100) collate latin1_general_ci default NULL,
  PRIMARY KEY  (`ProductID`)
) ENGINE=MyISAM DEFAULT CHARSET=latin1 COLLATE=latin1_general_ci;
/*!40101 SET character_set_client = @saved_cs_client */;

--
-- Dumping data for table `products`
--

LOCK TABLES `products` WRITE;
/*!40000 ALTER TABLE `products` DISABLE KEYS */;
INSERT INTO `products` VALUES (1,'S111','',0,NULL,1,'',NULL,'','','','','','','','111'),(2,'S112','',0,NULL,1,'',NULL,'','','','','','','','112'),(3,'S001','Lawn EMB',0,NULL,2,'',NULL,'','','','','','','','001'),(4,'S002','Lawn ',0,NULL,2,'',NULL,'','','','','','','','002'),(5,'S003','',0,NULL,2,'',NULL,'','','','','','','','003'),(6,'S004','',0,NULL,2,'',NULL,'','','','','','','','004'),(7,'S005','',0,NULL,2,'',NULL,'','','','','','','','005'),(8,'S006','',0,NULL,2,'',NULL,'','','','','','','','006'),(9,'S007','',0,NULL,2,'',NULL,'','','','','','','','007'),(10,'S008','',0,NULL,2,'',NULL,'','','','','','','','008'),(11,'S009','',0,NULL,2,'',NULL,'','','','','','','','009'),(12,'S010','',0,NULL,2,'',NULL,'','','','','','','','010'),(13,'S012','',0,NULL,2,'',NULL,'','','','','','','','012'),(14,'S011','',0,NULL,2,'',NULL,'','','','','','','','011'),(15,'S013','',0,NULL,2,'',NULL,'','','','','','','','013'),(16,'S014','',0,NULL,2,'',NULL,'','','','','','','','014'),(17,'S015','',0,NULL,2,'',NULL,'','','','','','','','015'),(18,'S016','',0,NULL,2,'',NULL,'','','','','','','','016'),(19,'S017','',0,NULL,2,'',NULL,'','','','','','','','017'),(20,'S018','',0,NULL,2,'',NULL,'','','','','','','','018'),(21,'S019','',0,NULL,2,'',NULL,'','','','','','','','019'),(22,'S020','',0,NULL,2,'',NULL,'','','','','','','','020'),(23,'S021','',0,NULL,2,'',NULL,'','','','','','','','021'),(24,'S022','',0,NULL,2,'',NULL,'','','','','','','','022'),(25,'S023','',0,NULL,2,'',NULL,'','','','','','','','023'),(26,'S024','',0,NULL,2,'',NULL,'','','','','','','','024'),(27,'S025','',0,NULL,2,'',NULL,'','','','','','','','025'),(28,'S026','',0,NULL,2,'',NULL,'','','','','','','','026'),(29,'S027','',0,NULL,2,'',NULL,'','','','','','','','027'),(30,'S028','',0,NULL,2,'',NULL,'','','','','','','','028'),(31,'S029','',0,NULL,2,'',NULL,'','','','','','','','029'),(32,'S030','',0,NULL,2,'',NULL,'','','','','','','','030'),(33,'S031','',0,NULL,2,'',NULL,'','','','','','','','031'),(34,'ST01','',0,NULL,3,'',NULL,'','','','','','','','01'),(35,'ST02','',0,NULL,3,'',NULL,'','','','','','','','02'),(36,'ST03','',0,NULL,3,'',NULL,'','','','','','','','03'),(37,'ST04','',0,NULL,3,'',NULL,'','','','','','','','04'),(38,'ST05','',0,NULL,3,'',NULL,'','','','','','','','05'),(39,'ST06','',0,NULL,3,'',NULL,'','','','','','','','06'),(40,'ST07','',0,NULL,3,'',NULL,'','','','','','','','07'),(41,'ST08','',0,NULL,3,'',NULL,'','','','','','','','08'),(42,'ST09','',0,NULL,3,'',NULL,'','','','','','','','09'),(43,'ST010','',0,NULL,3,'',NULL,'','','','','','','','010'),(44,'ST011','',0,NULL,3,'',NULL,'','','','','','','','011'),(45,'ST012','',0,NULL,3,'',NULL,'','','','','','','','012'),(46,'ST013','',0,NULL,3,'',NULL,'','','','','','','','013'),(47,'SU01','zuni',1,NULL,4,'',NULL,'','','','','','','','01'),(48,'SU02','iram',1,NULL,4,'',NULL,'','','','','','','','02'),(49,'SU03','ca5091',1,NULL,4,'',NULL,'','','','','','','','03'),(50,'SU04','',1,NULL,4,'',NULL,'','','','','','','','04'),(51,'SU05','',1,NULL,4,'',NULL,'','','','','','','','05'),(52,'SU06','',1,NULL,4,'',NULL,'','','','','','','','06'),(53,'SU07','',1,NULL,4,'',NULL,'','','','','','','','07'),(54,'SU08','',1,NULL,4,'',NULL,'','','','','','','','08'),(55,'SU09','',1,NULL,4,'',NULL,'','','','','','','','09'),(56,'SU010','',1,NULL,4,'',NULL,'','','','','','','','010'),(57,'SU011','',1,NULL,4,'',NULL,'','','','','','','','011'),(58,'SU012','',1,NULL,4,'',NULL,'','','','','','','','012'),(59,'SU013','',1,NULL,4,'',NULL,'','','','','','','','013'),(60,'SU014','',1,NULL,4,'',NULL,'','','','','','','','014'),(61,'SU015','',1,NULL,4,'',NULL,'','','','','','','','015'),(62,'SU016','',1,NULL,4,'',NULL,'','','','','','','','016'),(63,'SU017','',1,NULL,4,'',NULL,'','','','','','','','017'),(64,'SU018','',1,NULL,4,'',NULL,'','','','','','','','018'),(65,'SU019','',1,NULL,4,'',NULL,'','','','','','','','019'),(66,'SU020','',1,NULL,4,'',NULL,'','','','','','','','020'),(67,'SU021','',1,NULL,4,'',NULL,'','','','','','','','021'),(68,'SU022','',1,NULL,4,'',NULL,'','','','','','','','022'),(69,'RA01','',0,NULL,5,'',NULL,'','','','','','','','01'),(70,'RA02','',0,NULL,5,'',NULL,'','','','','','','','02'),(71,'RA03','',0,NULL,5,'',NULL,'','','','','','','','03'),(72,'RA04','',0,NULL,5,'',NULL,'','','','','','','','04'),(73,'RA05','',0,NULL,5,'',NULL,'','','','','','','','05'),(74,'RA06','',0,NULL,5,'',NULL,'','','','','','','','06'),(75,'RA07','',0,NULL,5,'',NULL,'','','','','','','','07'),(76,'RA08','',0,NULL,5,'',NULL,'','','','','','','','08'),(77,'RA09','',0,NULL,5,'',NULL,'','','','','','','','09'),(78,'RA010','',0,NULL,5,'',NULL,'','','','','','','','010'),(79,'RA011','',0,NULL,5,'',NULL,'','','','','','','','011'),(80,'RA012','',0,NULL,5,'',NULL,'','','','','','','','012'),(81,'RA013','',0,NULL,5,'',NULL,'','','','','','','','013'),(82,'RA014','',0,NULL,5,'',NULL,'','','','','','','','014'),(83,'RA015','',0,NULL,5,'',NULL,'','','','','','','','015'),(84,'RA016','',0,NULL,5,'',NULL,'','','','','','','','016'),(85,'RA017','',0,NULL,5,'',NULL,'','','','','','','','017'),(86,'RA018','',0,NULL,5,'',NULL,'','','','','','','','018'),(87,'RA019','',0,NULL,5,'',NULL,'','','','','','','','019'),(88,'RA020','',0,NULL,5,'',NULL,'','','','','','','','020'),(89,'RA021','',0,NULL,5,'',NULL,'','','','','','','','021'),(90,'RA022','',0,NULL,5,'',NULL,'','','','','','','','022'),(91,'01','',0,NULL,6,'',NULL,'','','','','','','','01'),(92,'SU023','',0,NULL,4,'',NULL,'','','','','','','','023'),(93,'SU024','',0,NULL,4,'',NULL,'','','','','','','','024'),(94,'SU025','',0,NULL,4,'',NULL,'','','','','','','','025'),(95,'SU026','',0,NULL,4,'',NULL,'','','','','','','','026'),(96,'SU027','',0,NULL,4,'',NULL,'','','','','','','','027');
/*!40000 ALTER TABLE `products` ENABLE KEYS */;
UNLOCK TABLES;

--
-- Table structure for table `products_reorderlevel`
--

DROP TABLE IF EXISTS `products_reorderlevel`;
/*!40101 SET @saved_cs_client     = @@character_set_client */;
/*!40101 SET character_set_client = utf8 */;
CREATE TABLE `products_reorderlevel` (
  `ProductID` int(11) NOT NULL,
  `ReorderLevel` int(11) default NULL,
  PRIMARY KEY  (`ProductID`)
) ENGINE=MyISAM DEFAULT CHARSET=latin1 COLLATE=latin1_general_ci;
/*!40101 SET character_set_client = @saved_cs_client */;

--
-- Dumping data for table `products_reorderlevel`
--

LOCK TABLES `products_reorderlevel` WRITE;
/*!40000 ALTER TABLE `products_reorderlevel` DISABLE KEYS */;
/*!40000 ALTER TABLE `products_reorderlevel` ENABLE KEYS */;
UNLOCK TABLES;

--
-- Table structure for table `purchasesorderdetails`
--

DROP TABLE IF EXISTS `purchasesorderdetails`;
/*!40101 SET @saved_cs_client     = @@character_set_client */;
/*!40101 SET character_set_client = utf8 */;
CREATE TABLE `purchasesorderdetails` (
  `OrderID` int(11) NOT NULL auto_increment,
  `ProductID` int(11) NOT NULL,
  `Quantity` decimal(10,2) default NULL,
  `Discount` decimal(10,2) default NULL,
  `PurchasePrice` decimal(10,2) default NULL,
  `TaxPercentage` decimal(10,2) default NULL,
  `InvoiceID` varchar(50) collate latin1_general_ci default NULL,
  PRIMARY KEY  (`OrderID`,`ProductID`)
) ENGINE=MyISAM DEFAULT CHARSET=latin1 COLLATE=latin1_general_ci;
/*!40101 SET character_set_client = @saved_cs_client */;

--
-- Dumping data for table `purchasesorderdetails`
--

LOCK TABLES `purchasesorderdetails` WRITE;
/*!40000 ALTER TABLE `purchasesorderdetails` DISABLE KEYS */;
INSERT INTO `purchasesorderdetails` VALUES (1,1,13.00,0.00,1100.00,0.00,NULL),(2,2,23.00,0.00,500.00,0.00,NULL),(3,3,7.00,0.00,1450.00,0.00,NULL),(4,4,6.00,0.00,1450.00,0.00,NULL),(5,5,10.00,0.00,975.00,0.00,NULL),(6,6,6.00,0.00,975.00,0.00,NULL),(7,7,4.00,0.00,925.00,0.00,NULL),(8,8,2.00,0.00,1075.00,0.00,NULL),(9,10,4.00,0.00,1125.00,0.00,NULL),(10,11,5.00,0.00,1075.00,0.00,NULL),(11,12,4.00,0.00,1025.00,0.00,NULL),(12,13,10.00,0.00,1050.00,0.00,NULL),(13,14,10.00,0.00,860.00,0.00,NULL),(14,15,6.00,0.00,1125.00,0.00,NULL),(15,16,12.00,0.00,750.00,0.00,NULL),(16,9,8.00,0.00,1650.00,0.00,NULL),(17,17,18.00,0.00,825.00,0.00,NULL),(18,18,11.00,0.00,725.00,0.00,NULL),(19,19,8.00,0.00,1075.00,0.00,NULL),(20,20,8.00,0.00,1050.00,0.00,NULL),(21,21,10.00,0.00,1390.00,0.00,NULL),(22,22,3.00,0.00,1225.00,0.00,NULL),(23,23,14.00,0.00,850.00,0.00,NULL),(24,24,12.00,0.00,850.00,0.00,NULL),(25,25,6.00,0.00,1650.00,0.00,NULL),(26,26,7.00,0.00,1250.00,0.00,NULL),(27,27,3.00,0.00,1225.00,0.00,NULL),(28,28,6.00,0.00,1690.00,0.00,NULL),(29,29,8.00,0.00,1350.00,0.00,NULL),(30,30,6.00,0.00,1125.00,0.00,NULL),(31,31,7.00,0.00,1095.00,0.00,NULL),(32,32,6.00,0.00,575.00,0.00,NULL),(33,33,7.00,0.00,695.00,0.00,NULL),(34,34,35.00,0.00,400.00,0.00,NULL),(35,35,15.00,0.00,300.00,0.00,NULL),(36,37,12.00,0.00,250.00,0.00,NULL),(37,38,21.00,0.00,400.00,0.00,NULL),(38,39,40.00,0.00,300.00,0.00,NULL),(39,40,36.00,0.00,250.00,0.00,NULL),(40,36,35.00,0.00,225.00,0.00,NULL),(41,41,26.00,0.00,200.00,0.00,NULL),(42,42,72.00,0.00,150.00,0.00,NULL),(43,43,6.00,0.00,200.00,0.00,NULL),(44,44,11.00,0.00,250.00,0.00,NULL),(45,45,12.00,0.00,300.00,0.00,NULL),(46,46,17.00,0.00,350.00,0.00,NULL),(47,47,24.00,0.00,2600.00,0.00,NULL),(48,48,8.00,0.00,2000.00,0.00,NULL),(49,49,6.00,0.00,2800.00,0.00,NULL),(50,50,5.00,0.00,2200.00,0.00,NULL),(51,51,6.00,0.00,2200.00,0.00,NULL),(52,52,5.00,0.00,2200.00,0.00,NULL),(53,53,3.00,0.00,2800.00,0.00,NULL),(54,54,6.00,0.00,2700.00,0.00,NULL),(55,55,6.00,0.00,2800.00,0.00,NULL),(56,56,4.00,0.00,3000.00,0.00,NULL),(57,57,6.00,0.00,2500.00,0.00,NULL),(58,58,15.00,0.00,1350.00,0.00,NULL),(59,59,10.00,0.00,1300.00,0.00,NULL),(60,60,8.00,0.00,1350.00,0.00,NULL),(61,61,6.00,0.00,1950.00,0.00,NULL),(62,62,6.00,0.00,1950.00,0.00,NULL),(63,63,25.00,0.00,1350.00,0.00,NULL),(64,64,4.00,0.00,1550.00,0.00,NULL),(65,65,6.00,0.00,1950.00,0.00,NULL),(66,66,17.00,0.00,1600.00,0.00,NULL),(67,67,4.00,0.00,1600.00,0.00,NULL),(68,68,2.00,0.00,1995.00,0.00,NULL),(69,69,1.00,0.00,3000.00,0.00,NULL),(70,70,1.00,0.00,3500.00,0.00,NULL),(71,71,3.00,0.00,3000.00,0.00,NULL),(72,72,1.00,0.00,3500.00,0.00,NULL),(73,73,2.00,0.00,4000.00,0.00,NULL),(74,74,4.00,0.00,3500.00,0.00,NULL),(75,75,4.00,0.00,3200.00,0.00,NULL),(76,76,5.00,0.00,3750.00,0.00,NULL),(77,77,3.00,0.00,3750.00,0.00,NULL),(78,78,4.00,0.00,3000.00,0.00,NULL),(79,79,3.00,0.00,4500.00,0.00,NULL),(80,80,8.00,0.00,4250.00,0.00,NULL),(81,81,1.00,0.00,4500.00,0.00,NULL),(82,82,1.00,0.00,4800.00,0.00,NULL),(83,83,1.00,0.00,5000.00,0.00,NULL),(84,84,4.00,0.00,3850.00,0.00,NULL),(85,85,11.00,0.00,3250.00,0.00,NULL),(86,86,2.00,0.00,4500.00,0.00,NULL),(87,87,4.00,0.00,2450.00,0.00,NULL),(88,88,3.00,0.00,2650.00,0.00,NULL),(89,89,4.00,0.00,2650.00,0.00,NULL),(90,90,6.00,0.00,2200.00,0.00,NULL),(91,91,2.00,0.00,100.00,0.00,NULL),(92,91,5.00,0.00,100.00,0.00,NULL),(93,91,5.00,0.00,100.00,0.00,NULL),(94,66,4.00,0.00,1600.00,0.00,NULL),(95,92,11.00,0.00,1995.00,0.00,NULL),(96,93,14.00,0.00,1750.00,0.00,NULL),(97,94,13.00,0.00,1275.00,0.00,NULL),(98,96,11.00,0.00,1600.00,0.00,NULL),(99,95,6.00,0.00,1275.00,0.00,NULL);
/*!40000 ALTER TABLE `purchasesorderdetails` ENABLE KEYS */;
UNLOCK TABLES;

--
-- Table structure for table `purchasesorders`
--

DROP TABLE IF EXISTS `purchasesorders`;
/*!40101 SET @saved_cs_client     = @@character_set_client */;
/*!40101 SET character_set_client = utf8 */;
CREATE TABLE `purchasesorders` (
  `OrderID` int(11) NOT NULL auto_increment,
  `TerminalID` int(11) default NULL,
  `SupplierID` int(11) default NULL,
  `PurchaseAmount` decimal(10,2) default NULL,
  `PurchaseTime` time default NULL,
  `Discount` decimal(10,2) default NULL,
  `TaxPercentage` decimal(10,2) default NULL,
  `PurchaseStatus` int(11) default NULL,
  `AmountPaid` decimal(10,2) default NULL,
  `Balance` decimal(10,2) default NULL,
  `ModeOfPayment` varchar(45) collate latin1_general_ci default NULL,
  `UserName` varchar(45) collate latin1_general_ci default NULL,
  `PurchaseDate` timestamp NULL default NULL,
  `Date_DayofWeek_string` varchar(45) collate latin1_general_ci default NULL,
  `Date_Dayofweek_int` int(11) default NULL,
  `Date_dateofmonth_int` int(11) default NULL,
  `date_month_int` int(11) default NULL,
  `date_month_string` varchar(45) collate latin1_general_ci default NULL,
  `date_year_int` int(11) default NULL,
  `time_hour` int(11) default NULL,
  `UpdateDt` timestamp NULL default NULL,
  `HoldInvoice` int(11) default NULL,
  `InvoiceID` varchar(45) collate latin1_general_ci default NULL,
  PRIMARY KEY  (`OrderID`)
) ENGINE=MyISAM DEFAULT CHARSET=latin1 COLLATE=latin1_general_ci;
/*!40101 SET character_set_client = @saved_cs_client */;

--
-- Dumping data for table `purchasesorders`
--

LOCK TABLES `purchasesorders` WRITE;
/*!40000 ALTER TABLE `purchasesorders` DISABLE KEYS */;
INSERT INTO `purchasesorders` VALUES (1,1,NULL,14300.00,'08:06:52',0.00,0.00,0,14300.00,0.00,'Cash','admin','2016-05-27 07:00:00','Friday',5,27,5,'May',2016,8,NULL,0,'c05f0672-ede5-4d45-8cc8-89a3de28b075'),(2,1,NULL,11500.00,'08:08:20',0.00,0.00,0,11500.00,0.00,'Cash','admin','2016-05-27 07:00:00','Friday',5,27,5,'May',2016,8,NULL,0,'538a3064-609f-423f-a340-cca96dd0b4af'),(3,1,NULL,10150.00,'00:24:29',0.00,0.00,0,10150.00,0.00,'Cash','admin','2016-05-28 07:00:00','Saturday',6,28,5,'May',2016,0,NULL,0,'d0dc203a-6172-4e2e-811b-bb2ff98cc72e'),(4,1,NULL,8700.00,'00:26:42',0.00,0.00,0,8700.00,0.00,'Cash','admin','2016-05-28 07:00:00','Saturday',6,28,5,'May',2016,0,NULL,0,'3f7db842-4924-443e-b7d2-aa6d40ed1b56'),(5,1,NULL,9750.00,'00:27:47',0.00,0.00,0,9750.00,0.00,'Cash','admin','2016-05-28 07:00:00','Saturday',6,28,5,'May',2016,0,NULL,0,'33794e54-3a95-4d56-866a-70d950908e78'),(6,1,NULL,5850.00,'00:30:53',0.00,0.00,0,5850.00,0.00,'Cash','admin','2016-05-28 07:00:00','Saturday',6,28,5,'May',2016,0,NULL,0,'c103ad9f-ceef-40f3-afc4-6dc8c296c853'),(7,1,NULL,3700.00,'00:33:02',0.00,0.00,0,3700.00,0.00,'Cash','admin','2016-05-28 07:00:00','Saturday',6,28,5,'May',2016,0,NULL,0,'d6308128-03ed-438e-abc8-01bda2b8af85'),(8,1,NULL,2150.00,'00:35:59',0.00,0.00,0,2150.00,0.00,'Cash','admin','2016-05-28 07:00:00','Saturday',6,28,5,'May',2016,0,NULL,0,'6d025fcc-5877-4af7-acd1-f7201f6edbb1'),(9,1,NULL,4500.00,'00:40:20',0.00,0.00,0,4500.00,0.00,'Cash','admin','2016-05-28 07:00:00','Saturday',6,28,5,'May',2016,0,NULL,0,'1ca51b40-edcc-417a-bda2-8371c2d0933b'),(10,1,NULL,5375.00,'00:41:53',0.00,0.00,0,5375.00,0.00,'Cash','admin','2016-05-28 07:00:00','Saturday',6,28,5,'May',2016,0,NULL,0,'c6f78410-305f-4c01-b562-3cddd89b69e7'),(11,1,NULL,4100.00,'00:44:49',0.00,0.00,0,4100.00,0.00,'Cash','admin','2016-05-28 07:00:00','Saturday',6,28,5,'May',2016,0,NULL,0,'2de06c02-d441-4a8c-abee-151ba958c063'),(12,1,NULL,10500.00,'00:47:12',0.00,0.00,0,10500.00,0.00,'Cash','admin','2016-05-28 07:00:00','Saturday',6,28,5,'May',2016,0,NULL,0,'40c53be7-d70c-4df5-90c5-83c9786eafac'),(13,1,NULL,8600.00,'00:50:06',0.00,0.00,0,8600.00,0.00,'Cash','admin','2016-05-28 07:00:00','Saturday',6,28,5,'May',2016,0,NULL,0,'83dfc84f-b467-45ef-964a-77f291e6d8ea'),(14,1,NULL,6750.00,'00:51:24',0.00,0.00,0,6750.00,0.00,'Cash','admin','2016-05-28 07:00:00','Saturday',6,28,5,'May',2016,0,NULL,0,'e0c705a9-1bfe-490e-9266-ac4b7e007431'),(15,1,NULL,9000.00,'00:52:35',0.00,0.00,0,9000.00,0.00,'Cash','admin','2016-05-28 07:00:00','Saturday',6,28,5,'May',2016,0,NULL,0,'44bd3e87-a178-46e2-a899-06895967918f'),(16,1,NULL,13200.00,'00:56:58',0.00,0.00,0,13200.00,0.00,'Cash','admin','2016-05-28 07:00:00','Saturday',6,28,5,'May',2016,0,NULL,0,'08223588-f4e6-48ec-8fd1-289a6f95f344'),(17,1,NULL,14850.00,'01:00:39',0.00,0.00,0,14850.00,0.00,'Cash','admin','2016-05-28 07:00:00','Saturday',6,28,5,'May',2016,1,NULL,0,'f1775552-d49e-40ce-a830-615b8043491d'),(18,1,NULL,7975.00,'01:04:23',0.00,0.00,0,7975.00,0.00,'Cash','admin','2016-05-28 07:00:00','Saturday',6,28,5,'May',2016,1,NULL,0,'172cdb92-2511-442a-8cee-fefaca025783'),(19,1,NULL,8600.00,'01:05:04',0.00,0.00,0,8600.00,0.00,'Cash','admin','2016-05-28 07:00:00','Saturday',6,28,5,'May',2016,1,NULL,0,'43bb2bd6-bd01-43b7-a6ef-0946785437df'),(20,1,NULL,8400.00,'01:05:50',0.00,0.00,0,8400.00,0.00,'Cash','admin','2016-05-28 07:00:00','Saturday',6,28,5,'May',2016,1,NULL,0,'a74d364b-72cf-4bf6-8057-d1798292b427'),(21,1,NULL,13900.00,'01:06:39',0.00,0.00,0,13900.00,0.00,'Cash','admin','2016-05-28 07:00:00','Saturday',6,28,5,'May',2016,1,NULL,0,'0f3d9453-2869-4d33-8d96-c41649387c7a'),(22,1,NULL,3675.00,'01:07:34',0.00,0.00,0,3675.00,0.00,'Cash','admin','2016-05-28 07:00:00','Saturday',6,28,5,'May',2016,1,NULL,0,'ba9c25eb-a09c-4238-bdc9-f890629812f4'),(23,1,NULL,11900.00,'01:08:18',0.00,0.00,0,11900.00,0.00,'Cash','admin','2016-05-28 07:00:00','Saturday',6,28,5,'May',2016,1,NULL,0,'96b57b1a-df26-4527-a2cb-ddc1bffb492c'),(24,1,NULL,10200.00,'01:08:58',0.00,0.00,0,10200.00,0.00,'Cash','admin','2016-05-28 07:00:00','Saturday',6,28,5,'May',2016,1,NULL,0,'00472a04-dd78-414f-b53a-1c0e7022d5b3'),(25,1,NULL,9900.00,'02:35:40',0.00,0.00,0,9900.00,0.00,'Cash','admin','2016-05-28 07:00:00','Saturday',6,28,5,'May',2016,2,NULL,0,'6b29d80d-1634-4237-9dd9-9c1937c8412f'),(26,1,NULL,8750.00,'02:37:28',0.00,0.00,0,8750.00,0.00,'Cash','admin','2016-05-28 07:00:00','Saturday',6,28,5,'May',2016,2,NULL,0,'bb5fe891-798e-48fa-ba71-1d80a185c315'),(27,1,NULL,3675.00,'02:38:12',0.00,0.00,0,3675.00,0.00,'Cash','admin','2016-05-28 07:00:00','Saturday',6,28,5,'May',2016,2,NULL,0,'eb36ddfb-1903-4a6a-ad59-27921f4d99b9'),(28,1,NULL,10140.00,'02:41:46',0.00,0.00,0,10140.00,0.00,'Cash','admin','2016-05-28 07:00:00','Saturday',6,28,5,'May',2016,2,NULL,0,'3e9bd843-24f8-4885-9176-52045dd5599d'),(29,1,NULL,10800.00,'02:42:35',0.00,0.00,0,10800.00,0.00,'Cash','admin','2016-05-28 07:00:00','Saturday',6,28,5,'May',2016,2,NULL,0,'3cc992cc-c208-4b53-b865-a434ec4dc4b5'),(30,1,NULL,6750.00,'02:43:52',0.00,0.00,0,6750.00,0.00,'Cash','admin','2016-05-28 07:00:00','Saturday',6,28,5,'May',2016,2,NULL,0,'bd48ed00-5549-41be-86ec-1116e361e140'),(31,1,NULL,7665.00,'02:44:37',0.00,0.00,0,7665.00,0.00,'Cash','admin','2016-05-28 07:00:00','Saturday',6,28,5,'May',2016,2,NULL,0,'02465f82-90e0-4b9a-b6b1-167231114593'),(32,1,NULL,3450.00,'02:45:43',0.00,0.00,0,3450.00,0.00,'Cash','admin','2016-05-28 07:00:00','Saturday',6,28,5,'May',2016,2,NULL,0,'d46d7752-1c23-48a0-b80c-f239bb371a3c'),(33,1,NULL,4865.00,'02:46:32',0.00,0.00,0,4865.00,0.00,'Cash','admin','2016-05-28 07:00:00','Saturday',6,28,5,'May',2016,2,NULL,0,'371f3521-7120-48af-9195-68ff8acd00db'),(34,1,NULL,14000.00,'02:54:43',0.00,0.00,0,14000.00,0.00,'Cash','admin','2016-05-28 07:00:00','Saturday',6,28,5,'May',2016,2,NULL,0,'04bb700c-5af8-463a-92ae-9c6d837aa69d'),(35,1,NULL,4500.00,'02:54:43',0.00,0.00,0,4500.00,0.00,'Cash','admin','2016-05-28 07:00:00','Saturday',6,28,5,'May',2016,2,NULL,0,'04bb700c-5af8-463a-92ae-9c6d837aa69d'),(36,1,NULL,3000.00,'02:54:43',0.00,0.00,0,3000.00,0.00,'Cash','admin','2016-05-28 07:00:00','Saturday',6,28,5,'May',2016,2,NULL,0,'04bb700c-5af8-463a-92ae-9c6d837aa69d'),(37,1,NULL,8400.00,'02:54:43',0.00,0.00,0,8400.00,0.00,'Cash','admin','2016-05-28 07:00:00','Saturday',6,28,5,'May',2016,2,NULL,0,'04bb700c-5af8-463a-92ae-9c6d837aa69d'),(38,1,NULL,12000.00,'02:54:43',0.00,0.00,0,12000.00,0.00,'Cash','admin','2016-05-28 07:00:00','Saturday',6,28,5,'May',2016,2,NULL,0,'04bb700c-5af8-463a-92ae-9c6d837aa69d'),(39,1,NULL,9000.00,'02:54:43',0.00,0.00,0,9000.00,0.00,'Cash','admin','2016-05-28 07:00:00','Saturday',6,28,5,'May',2016,2,NULL,0,'04bb700c-5af8-463a-92ae-9c6d837aa69d'),(40,1,NULL,7875.00,'02:54:43',0.00,0.00,0,7875.00,0.00,'Cash','admin','2016-05-28 07:00:00','Saturday',6,28,5,'May',2016,2,NULL,0,'04bb700c-5af8-463a-92ae-9c6d837aa69d'),(41,1,NULL,5200.00,'02:58:56',0.00,0.00,0,5200.00,0.00,'Cash','admin','2016-05-28 07:00:00','Saturday',6,28,5,'May',2016,2,NULL,0,'362ee506-6d20-4c97-b7c0-71d17e95334f'),(42,1,NULL,10800.00,'02:58:56',0.00,0.00,0,10800.00,0.00,'Cash','admin','2016-05-28 07:00:00','Saturday',6,28,5,'May',2016,2,NULL,0,'362ee506-6d20-4c97-b7c0-71d17e95334f'),(43,1,NULL,1200.00,'02:58:56',0.00,0.00,0,1200.00,0.00,'Cash','admin','2016-05-28 07:00:00','Saturday',6,28,5,'May',2016,2,NULL,0,'362ee506-6d20-4c97-b7c0-71d17e95334f'),(44,1,NULL,2750.00,'03:00:51',0.00,0.00,0,2750.00,0.00,'Cash','admin','2016-05-28 07:00:00','Saturday',6,28,5,'May',2016,3,NULL,0,'9a992f06-f495-4eb9-8ea3-f0040a14d722'),(45,1,NULL,3600.00,'03:00:51',0.00,0.00,0,3600.00,0.00,'Cash','admin','2016-05-28 07:00:00','Saturday',6,28,5,'May',2016,3,NULL,0,'9a992f06-f495-4eb9-8ea3-f0040a14d722'),(46,1,NULL,5950.00,'03:00:51',0.00,0.00,0,5950.00,0.00,'Cash','admin','2016-05-28 07:00:00','Saturday',6,28,5,'May',2016,3,NULL,0,'9a992f06-f495-4eb9-8ea3-f0040a14d722'),(47,1,NULL,62400.00,'03:34:11',0.00,0.00,0,62400.00,0.00,'Cash','admin','2016-05-28 07:00:00','Saturday',6,28,5,'May',2016,3,NULL,0,'89b023a8-d06f-44ba-bc42-16751bfdb76f'),(48,1,NULL,16000.00,'03:34:11',0.00,0.00,0,16000.00,0.00,'Cash','admin','2016-05-28 07:00:00','Saturday',6,28,5,'May',2016,3,NULL,0,'89b023a8-d06f-44ba-bc42-16751bfdb76f'),(49,1,NULL,16800.00,'03:34:11',0.00,0.00,0,16800.00,0.00,'Cash','admin','2016-05-28 07:00:00','Saturday',6,28,5,'May',2016,3,NULL,0,'89b023a8-d06f-44ba-bc42-16751bfdb76f'),(50,1,NULL,11000.00,'03:34:11',0.00,0.00,0,11000.00,0.00,'Cash','admin','2016-05-28 07:00:00','Saturday',6,28,5,'May',2016,3,NULL,0,'89b023a8-d06f-44ba-bc42-16751bfdb76f'),(51,1,NULL,13200.00,'03:34:11',0.00,0.00,0,13200.00,0.00,'Cash','admin','2016-05-28 07:00:00','Saturday',6,28,5,'May',2016,3,NULL,0,'89b023a8-d06f-44ba-bc42-16751bfdb76f'),(52,1,NULL,11000.00,'03:34:11',0.00,0.00,0,11000.00,0.00,'Cash','admin','2016-05-28 07:00:00','Saturday',6,28,5,'May',2016,3,NULL,0,'89b023a8-d06f-44ba-bc42-16751bfdb76f'),(53,1,NULL,8400.00,'03:34:11',0.00,0.00,0,8400.00,0.00,'Cash','admin','2016-05-28 07:00:00','Saturday',6,28,5,'May',2016,3,NULL,0,'89b023a8-d06f-44ba-bc42-16751bfdb76f'),(54,1,NULL,16200.00,'03:34:11',0.00,0.00,0,16200.00,0.00,'Cash','admin','2016-05-28 07:00:00','Saturday',6,28,5,'May',2016,3,NULL,0,'89b023a8-d06f-44ba-bc42-16751bfdb76f'),(55,1,NULL,16800.00,'03:34:11',0.00,0.00,0,16800.00,0.00,'Cash','admin','2016-05-28 07:00:00','Saturday',6,28,5,'May',2016,3,NULL,0,'89b023a8-d06f-44ba-bc42-16751bfdb76f'),(56,1,NULL,12000.00,'03:34:11',0.00,0.00,0,12000.00,0.00,'Cash','admin','2016-05-28 07:00:00','Saturday',6,28,5,'May',2016,3,NULL,0,'89b023a8-d06f-44ba-bc42-16751bfdb76f'),(57,1,NULL,15000.00,'03:34:11',0.00,0.00,0,15000.00,0.00,'Cash','admin','2016-05-28 07:00:00','Saturday',6,28,5,'May',2016,3,NULL,0,'89b023a8-d06f-44ba-bc42-16751bfdb76f'),(58,1,NULL,20250.00,'03:34:11',0.00,0.00,0,20250.00,0.00,'Cash','admin','2016-05-28 07:00:00','Saturday',6,28,5,'May',2016,3,NULL,0,'89b023a8-d06f-44ba-bc42-16751bfdb76f'),(59,1,NULL,13000.00,'03:34:11',0.00,0.00,0,13000.00,0.00,'Cash','admin','2016-05-28 07:00:00','Saturday',6,28,5,'May',2016,3,NULL,0,'89b023a8-d06f-44ba-bc42-16751bfdb76f'),(60,1,NULL,10800.00,'03:34:11',0.00,0.00,0,10800.00,0.00,'Cash','admin','2016-05-28 07:00:00','Saturday',6,28,5,'May',2016,3,NULL,0,'89b023a8-d06f-44ba-bc42-16751bfdb76f'),(61,1,NULL,11700.00,'03:34:11',0.00,0.00,0,11700.00,0.00,'Cash','admin','2016-05-28 07:00:00','Saturday',6,28,5,'May',2016,3,NULL,0,'89b023a8-d06f-44ba-bc42-16751bfdb76f'),(62,1,NULL,11700.00,'03:34:11',0.00,0.00,0,11700.00,0.00,'Cash','admin','2016-05-28 07:00:00','Saturday',6,28,5,'May',2016,3,NULL,0,'89b023a8-d06f-44ba-bc42-16751bfdb76f'),(63,1,NULL,33750.00,'03:34:11',0.00,0.00,0,33750.00,0.00,'Cash','admin','2016-05-28 07:00:00','Saturday',6,28,5,'May',2016,3,NULL,0,'89b023a8-d06f-44ba-bc42-16751bfdb76f'),(64,1,NULL,6200.00,'03:34:11',0.00,0.00,0,6200.00,0.00,'Cash','admin','2016-05-28 07:00:00','Saturday',6,28,5,'May',2016,3,NULL,0,'89b023a8-d06f-44ba-bc42-16751bfdb76f'),(65,1,NULL,11700.00,'03:34:11',0.00,0.00,0,11700.00,0.00,'Cash','admin','2016-05-28 07:00:00','Saturday',6,28,5,'May',2016,3,NULL,0,'89b023a8-d06f-44ba-bc42-16751bfdb76f'),(66,1,NULL,27200.00,'03:34:11',0.00,0.00,0,27200.00,0.00,'Cash','admin','2016-05-28 07:00:00','Saturday',6,28,5,'May',2016,3,NULL,0,'89b023a8-d06f-44ba-bc42-16751bfdb76f'),(67,1,NULL,6400.00,'03:34:11',0.00,0.00,0,6400.00,0.00,'Cash','admin','2016-05-28 07:00:00','Saturday',6,28,5,'May',2016,3,NULL,0,'89b023a8-d06f-44ba-bc42-16751bfdb76f'),(68,1,NULL,3990.00,'03:34:11',0.00,0.00,0,3990.00,0.00,'Cash','admin','2016-05-28 07:00:00','Saturday',6,28,5,'May',2016,3,NULL,0,'89b023a8-d06f-44ba-bc42-16751bfdb76f'),(69,1,NULL,3000.00,'04:01:16',0.00,0.00,0,3000.00,0.00,'Cash','admin','2016-05-28 07:00:00','Saturday',6,28,5,'May',2016,4,NULL,0,'fe38864e-70a0-4178-8c67-9dea035be22f'),(70,1,NULL,3500.00,'04:01:16',0.00,0.00,0,3500.00,0.00,'Cash','admin','2016-05-28 07:00:00','Saturday',6,28,5,'May',2016,4,NULL,0,'fe38864e-70a0-4178-8c67-9dea035be22f'),(71,1,NULL,9000.00,'04:01:16',0.00,0.00,0,9000.00,0.00,'Cash','admin','2016-05-28 07:00:00','Saturday',6,28,5,'May',2016,4,NULL,0,'fe38864e-70a0-4178-8c67-9dea035be22f'),(72,1,NULL,3500.00,'04:01:16',0.00,0.00,0,3500.00,0.00,'Cash','admin','2016-05-28 07:00:00','Saturday',6,28,5,'May',2016,4,NULL,0,'fe38864e-70a0-4178-8c67-9dea035be22f'),(73,1,NULL,8000.00,'04:01:16',0.00,0.00,0,8000.00,0.00,'Cash','admin','2016-05-28 07:00:00','Saturday',6,28,5,'May',2016,4,NULL,0,'fe38864e-70a0-4178-8c67-9dea035be22f'),(74,1,NULL,14000.00,'04:01:16',0.00,0.00,0,14000.00,0.00,'Cash','admin','2016-05-28 07:00:00','Saturday',6,28,5,'May',2016,4,NULL,0,'fe38864e-70a0-4178-8c67-9dea035be22f'),(75,1,NULL,12800.00,'04:01:16',0.00,0.00,0,12800.00,0.00,'Cash','admin','2016-05-28 07:00:00','Saturday',6,28,5,'May',2016,4,NULL,0,'fe38864e-70a0-4178-8c67-9dea035be22f'),(76,1,NULL,18750.00,'04:01:16',0.00,0.00,0,18750.00,0.00,'Cash','admin','2016-05-28 07:00:00','Saturday',6,28,5,'May',2016,4,NULL,0,'fe38864e-70a0-4178-8c67-9dea035be22f'),(77,1,NULL,11250.00,'04:01:16',0.00,0.00,0,11250.00,0.00,'Cash','admin','2016-05-28 07:00:00','Saturday',6,28,5,'May',2016,4,NULL,0,'fe38864e-70a0-4178-8c67-9dea035be22f'),(78,1,NULL,12000.00,'04:01:16',0.00,0.00,0,12000.00,0.00,'Cash','admin','2016-05-28 07:00:00','Saturday',6,28,5,'May',2016,4,NULL,0,'fe38864e-70a0-4178-8c67-9dea035be22f'),(79,1,NULL,13500.00,'04:01:16',0.00,0.00,0,13500.00,0.00,'Cash','admin','2016-05-28 07:00:00','Saturday',6,28,5,'May',2016,4,NULL,0,'fe38864e-70a0-4178-8c67-9dea035be22f'),(80,1,NULL,34000.00,'04:01:16',0.00,0.00,0,34000.00,0.00,'Cash','admin','2016-05-28 07:00:00','Saturday',6,28,5,'May',2016,4,NULL,0,'fe38864e-70a0-4178-8c67-9dea035be22f'),(81,1,NULL,4500.00,'04:01:16',0.00,0.00,0,4500.00,0.00,'Cash','admin','2016-05-28 07:00:00','Saturday',6,28,5,'May',2016,4,NULL,0,'fe38864e-70a0-4178-8c67-9dea035be22f'),(82,1,NULL,4800.00,'04:01:16',0.00,0.00,0,4800.00,0.00,'Cash','admin','2016-05-28 07:00:00','Saturday',6,28,5,'May',2016,4,NULL,0,'fe38864e-70a0-4178-8c67-9dea035be22f'),(83,1,NULL,5000.00,'04:01:16',0.00,0.00,0,5000.00,0.00,'Cash','admin','2016-05-28 07:00:00','Saturday',6,28,5,'May',2016,4,NULL,0,'fe38864e-70a0-4178-8c67-9dea035be22f'),(84,1,NULL,15400.00,'04:01:16',0.00,0.00,0,15400.00,0.00,'Cash','admin','2016-05-28 07:00:00','Saturday',6,28,5,'May',2016,4,NULL,0,'fe38864e-70a0-4178-8c67-9dea035be22f'),(85,1,NULL,35750.00,'04:01:16',0.00,0.00,0,35750.00,0.00,'Cash','admin','2016-05-28 07:00:00','Saturday',6,28,5,'May',2016,4,NULL,0,'fe38864e-70a0-4178-8c67-9dea035be22f'),(86,1,NULL,9000.00,'04:01:16',0.00,0.00,0,9000.00,0.00,'Cash','admin','2016-05-28 07:00:00','Saturday',6,28,5,'May',2016,4,NULL,0,'fe38864e-70a0-4178-8c67-9dea035be22f'),(87,1,NULL,9800.00,'04:01:16',0.00,0.00,0,9800.00,0.00,'Cash','admin','2016-05-28 07:00:00','Saturday',6,28,5,'May',2016,4,NULL,0,'fe38864e-70a0-4178-8c67-9dea035be22f'),(88,1,NULL,7950.00,'04:01:16',0.00,0.00,0,7950.00,0.00,'Cash','admin','2016-05-28 07:00:00','Saturday',6,28,5,'May',2016,4,NULL,0,'fe38864e-70a0-4178-8c67-9dea035be22f'),(89,1,NULL,10600.00,'04:01:16',0.00,0.00,0,10600.00,0.00,'Cash','admin','2016-05-28 07:00:00','Saturday',6,28,5,'May',2016,4,NULL,0,'fe38864e-70a0-4178-8c67-9dea035be22f'),(90,1,NULL,13200.00,'04:01:16',0.00,0.00,0,13200.00,0.00,'Cash','admin','2016-05-28 07:00:00','Saturday',6,28,5,'May',2016,4,NULL,0,'fe38864e-70a0-4178-8c67-9dea035be22f'),(91,1,NULL,200.00,'00:47:31',0.00,0.00,0,200.00,0.00,'Cash','admin','2016-05-29 07:00:00','Sunday',7,29,5,'May',2016,0,NULL,0,'7c513c79-8742-4f12-8165-c843f7701795'),(92,1,NULL,500.00,'08:15:23',0.00,0.00,0,500.00,0.00,'Cash','admin','2016-05-30 07:00:00','Monday',1,30,5,'May',2016,8,NULL,0,'4ea15e27-7ba5-4f25-a954-b49980c1241b'),(93,1,NULL,500.00,'08:20:14',0.00,0.00,0,500.00,0.00,'Cash','admin','2016-05-30 07:00:00','Monday',1,30,5,'May',2016,8,NULL,0,'caf4d87a-d225-4c06-b8b7-de71fc743c9b'),(94,1,NULL,6400.00,'08:43:53',0.00,0.00,0,6400.00,0.00,'Cash','admin','2016-05-30 07:00:00','Monday',1,30,5,'May',2016,8,NULL,0,'4a12344a-7675-4313-9b0c-a9e1f203b59b'),(95,1,NULL,21945.00,'09:01:03',0.00,0.00,0,21945.00,0.00,'Cash','admin','2016-05-30 07:00:00','Monday',1,30,5,'May',2016,9,NULL,0,'413f27a3-c2e4-4202-81d3-84817cd5d0cf'),(96,1,NULL,24500.00,'09:01:03',0.00,0.00,0,24500.00,0.00,'Cash','admin','2016-05-30 07:00:00','Monday',1,30,5,'May',2016,9,NULL,0,'413f27a3-c2e4-4202-81d3-84817cd5d0cf'),(97,1,NULL,16575.00,'09:01:03',0.00,0.00,0,16575.00,0.00,'Cash','admin','2016-05-30 07:00:00','Monday',1,30,5,'May',2016,9,NULL,0,'413f27a3-c2e4-4202-81d3-84817cd5d0cf'),(98,1,NULL,17600.00,'09:01:03',0.00,0.00,0,17600.00,0.00,'Cash','admin','2016-05-30 07:00:00','Monday',1,30,5,'May',2016,9,NULL,0,'413f27a3-c2e4-4202-81d3-84817cd5d0cf'),(99,1,NULL,7650.00,'09:01:03',0.00,0.00,0,7650.00,0.00,'Cash','admin','2016-05-30 07:00:00','Monday',1,30,5,'May',2016,9,NULL,0,'413f27a3-c2e4-4202-81d3-84817cd5d0cf');
/*!40000 ALTER TABLE `purchasesorders` ENABLE KEYS */;
UNLOCK TABLES;

--
-- Table structure for table `regions`
--

DROP TABLE IF EXISTS `regions`;
/*!40101 SET @saved_cs_client     = @@character_set_client */;
/*!40101 SET character_set_client = utf8 */;
CREATE TABLE `regions` (
  `RegionID` int(11) NOT NULL auto_increment,
  `RegionName` varchar(45) collate latin1_general_ci default NULL,
  PRIMARY KEY  (`RegionID`)
) ENGINE=MyISAM DEFAULT CHARSET=latin1 COLLATE=latin1_general_ci;
/*!40101 SET character_set_client = @saved_cs_client */;

--
-- Dumping data for table `regions`
--

LOCK TABLES `regions` WRITE;
/*!40000 ALTER TABLE `regions` DISABLE KEYS */;
/*!40000 ALTER TABLE `regions` ENABLE KEYS */;
UNLOCK TABLES;

--
-- Table structure for table `roles`
--

DROP TABLE IF EXISTS `roles`;
/*!40101 SET @saved_cs_client     = @@character_set_client */;
/*!40101 SET character_set_client = utf8 */;
CREATE TABLE `roles` (
  `RoleID` int(11) NOT NULL,
  `RoleName` varchar(45) collate latin1_general_ci default NULL,
  PRIMARY KEY  (`RoleID`)
) ENGINE=MyISAM DEFAULT CHARSET=latin1 COLLATE=latin1_general_ci;
/*!40101 SET character_set_client = @saved_cs_client */;

--
-- Dumping data for table `roles`
--

LOCK TABLES `roles` WRITE;
/*!40000 ALTER TABLE `roles` DISABLE KEYS */;
INSERT INTO `roles` VALUES (1,'Administrator'),(2,'Salesman');
/*!40000 ALTER TABLE `roles` ENABLE KEYS */;
UNLOCK TABLES;

--
-- Temporary view structure for view `saleorders_view`
--

DROP TABLE IF EXISTS `saleorders_view`;
/*!50001 DROP VIEW IF EXISTS `saleorders_view`*/;
SET @saved_cs_client     = @@character_set_client;
SET character_set_client = utf8;
/*!50001 CREATE VIEW `saleorders_view` AS SELECT 
 1 AS `PK_COLUMN`,
 1 AS `_DAY_STRING`,
 1 AS `_MONTH_STRING`,
 1 AS `_YEAR_INT`,
 1 AS `_MONTH_INT`,
 1 AS `_DATE_STRING`,
 1 AS `saleamount`*/;
SET character_set_client = @saved_cs_client;

--
-- Table structure for table `salesorderdetails`
--

DROP TABLE IF EXISTS `salesorderdetails`;
/*!40101 SET @saved_cs_client     = @@character_set_client */;
/*!40101 SET character_set_client = utf8 */;
CREATE TABLE `salesorderdetails` (
  `OrderID` int(11) NOT NULL auto_increment,
  `ProductID` int(11) NOT NULL,
  `Quantity` decimal(10,2) default NULL,
  `Discount` decimal(10,2) default NULL,
  `SalePrice` decimal(10,2) default NULL,
  `CostPrice` decimal(10,2) default NULL,
  `ProfitTaken` decimal(10,2) default NULL,
  `TaxPercentage` decimal(10,2) default NULL,
  `InvoiceID` varchar(50) collate latin1_general_ci default NULL,
  PRIMARY KEY  (`OrderID`,`ProductID`)
) ENGINE=MyISAM DEFAULT CHARSET=latin1 COLLATE=latin1_general_ci;
/*!40101 SET character_set_client = @saved_cs_client */;

--
-- Dumping data for table `salesorderdetails`
--

LOCK TABLES `salesorderdetails` WRITE;
/*!40000 ALTER TABLE `salesorderdetails` DISABLE KEYS */;
INSERT INTO `salesorderdetails` VALUES (1,1,1.00,0.00,1695.00,1695.00,0.00,0.00,NULL),(2,2,1.00,0.00,995.00,995.00,0.00,0.00,NULL),(3,1,1.00,0.00,1695.00,1695.00,0.00,0.00,NULL),(4,91,1.00,0.00,200.00,200.00,0.00,0.00,NULL),(5,91,1.00,0.00,200.00,200.00,0.00,0.00,NULL),(6,66,5.00,10.00,2295.00,2295.00,0.00,0.00,NULL),(7,91,5.00,0.00,200.00,200.00,0.00,0.00,NULL),(8,91,1.00,10.00,200.00,200.00,0.00,0.00,NULL);
/*!40000 ALTER TABLE `salesorderdetails` ENABLE KEYS */;
UNLOCK TABLES;

--
-- Table structure for table `salesorders`
--

DROP TABLE IF EXISTS `salesorders`;
/*!40101 SET @saved_cs_client     = @@character_set_client */;
/*!40101 SET character_set_client = utf8 */;
CREATE TABLE `salesorders` (
  `OrderID` int(11) NOT NULL auto_increment,
  `TerminalID` int(11) default NULL,
  `CustomerID` int(11) default NULL,
  `SaleAmount` decimal(10,2) default NULL,
  `SaleTime` time default NULL,
  `Discount` decimal(10,2) default NULL,
  `TaxPercentage` decimal(10,2) default NULL,
  `SaleStatus` int(11) default NULL,
  `AmountPaid` decimal(10,2) default NULL,
  `Balance` decimal(10,2) default NULL,
  `ModeOfPayment` varchar(45) collate latin1_general_ci default NULL,
  `UserName` varchar(45) collate latin1_general_ci default NULL,
  `SaleDate` timestamp NULL default NULL,
  `Date_DayofWeek_string` varchar(45) collate latin1_general_ci default NULL,
  `Date_Dayofweek_int` int(11) default NULL,
  `Date_dateofmonth_int` int(11) default NULL,
  `date_month_int` int(11) default NULL,
  `date_month_string` varchar(45) collate latin1_general_ci default NULL,
  `date_year_int` int(11) default NULL,
  `time_hour` int(11) default NULL,
  `UpdateDt` timestamp NULL default NULL,
  `HoldInvoice` int(11) default NULL,
  `InvoiceID` varchar(45) collate latin1_general_ci NOT NULL,
  PRIMARY KEY  (`OrderID`,`InvoiceID`)
) ENGINE=MyISAM DEFAULT CHARSET=latin1 COLLATE=latin1_general_ci;
/*!40101 SET character_set_client = @saved_cs_client */;

--
-- Dumping data for table `salesorders`
--

LOCK TABLES `salesorders` WRITE;
/*!40000 ALTER TABLE `salesorders` DISABLE KEYS */;
INSERT INTO `salesorders` VALUES (1,1,NULL,1695.00,'09:02:04',0.00,0.00,0,1695.00,0.00,'Cash','admin','2016-05-27 07:00:00','Friday',5,27,5,'May',2016,9,NULL,0,'f849a876-6ed9-49fe-a90d-dbd9a7c869c2'),(2,1,NULL,995.00,'09:10:58',0.00,0.00,0,995.00,0.00,'Cash','abc','2016-05-27 07:00:00','Friday',5,27,5,'May',2016,9,NULL,0,'b85d4c46-ede5-4823-99d1-4b989c68f0c1'),(3,1,NULL,1695.00,'09:13:25',0.00,0.00,0,1695.00,0.00,'Cash','abc','2016-05-27 07:00:00','Friday',5,27,5,'May',2016,9,NULL,0,'cde45650-3aec-4e9e-96d9-79cd6dc2ade8'),(4,1,NULL,200.00,'00:48:08',0.00,0.00,0,200.00,0.00,'Cash','admin','2016-05-29 07:00:00','Sunday',7,29,5,'May',2016,0,NULL,0,'b2329094-47f5-4b3a-9887-267e7a02bd93'),(5,1,NULL,200.00,'00:49:48',0.00,0.00,0,200.00,0.00,'Cash','abc','2016-05-29 07:00:00','Sunday',7,29,5,'May',2016,0,NULL,0,'20c65389-9ab1-4bd2-8765-937ddac97e29'),(6,1,NULL,10327.50,'08:48:40',0.00,0.00,0,10327.50,0.00,'Cash','admin','2016-05-30 07:00:00','Monday',1,30,5,'May',2016,8,NULL,0,'636bc70a-3e4b-43e5-aa94-b466c99055fd'),(7,1,NULL,1000.00,'09:48:41',0.00,0.00,0,10000.00,9000.00,'Cash','abc','2016-05-30 07:00:00','Monday',1,30,5,'May',2016,9,NULL,0,'27064541-2cd1-47dd-8b81-0a4b98b4f8fb'),(8,1,NULL,180.00,'09:48:41',0.00,0.00,0,180.00,0.00,'Cash','abc','2016-05-30 07:00:00','Monday',1,30,5,'May',2016,9,NULL,0,'27064541-2cd1-47dd-8b81-0a4b98b4f8fb');
/*!40000 ALTER TABLE `salesorders` ENABLE KEYS */;
UNLOCK TABLES;

--
-- Table structure for table `stores`
--

DROP TABLE IF EXISTS `stores`;
/*!40101 SET @saved_cs_client     = @@character_set_client */;
/*!40101 SET character_set_client = utf8 */;
CREATE TABLE `stores` (
  `StoreID` int(11) NOT NULL auto_increment,
  `StoreName` varchar(45) collate latin1_general_ci default NULL,
  `StoreAddress` varchar(100) collate latin1_general_ci default NULL,
  `BusinessID` int(11) default NULL,
  `ServerIP` varchar(45) collate latin1_general_ci default NULL,
  `ServerPort` int(11) default NULL,
  PRIMARY KEY  (`StoreID`)
) ENGINE=MyISAM DEFAULT CHARSET=latin1 COLLATE=latin1_general_ci;
/*!40101 SET character_set_client = @saved_cs_client */;

--
-- Dumping data for table `stores`
--

LOCK TABLES `stores` WRITE;
/*!40000 ALTER TABLE `stores` DISABLE KEYS */;
/*!40000 ALTER TABLE `stores` ENABLE KEYS */;
UNLOCK TABLES;

--
-- Table structure for table `suppliers`
--

DROP TABLE IF EXISTS `suppliers`;
/*!40101 SET @saved_cs_client     = @@character_set_client */;
/*!40101 SET character_set_client = utf8 */;
CREATE TABLE `suppliers` (
  `SupplierID` int(11) NOT NULL auto_increment,
  `SupplierName` varchar(45) collate latin1_general_ci default NULL,
  `ContactName` varchar(45) collate latin1_general_ci default NULL,
  `ContactNumber` varchar(45) collate latin1_general_ci default NULL,
  `SupplierAddress` varchar(200) collate latin1_general_ci default NULL,
  PRIMARY KEY  (`SupplierID`)
) ENGINE=MyISAM DEFAULT CHARSET=latin1 COLLATE=latin1_general_ci;
/*!40101 SET character_set_client = @saved_cs_client */;

--
-- Dumping data for table `suppliers`
--

LOCK TABLES `suppliers` WRITE;
/*!40000 ALTER TABLE `suppliers` DISABLE KEYS */;
INSERT INTO `suppliers` VALUES (1,'Dua Arts','ASIF','0554445000','');
/*!40000 ALTER TABLE `suppliers` ENABLE KEYS */;
UNLOCK TABLES;

--
-- Table structure for table `taxes`
--

DROP TABLE IF EXISTS `taxes`;
/*!40101 SET @saved_cs_client     = @@character_set_client */;
/*!40101 SET character_set_client = utf8 */;
CREATE TABLE `taxes` (
  `TaxID` int(11) NOT NULL auto_increment,
  `TaxDescription` varchar(45) collate latin1_general_ci default NULL,
  `TaxAppliedDate` date default NULL,
  PRIMARY KEY  (`TaxID`)
) ENGINE=MyISAM DEFAULT CHARSET=latin1 COLLATE=latin1_general_ci;
/*!40101 SET character_set_client = @saved_cs_client */;

--
-- Dumping data for table `taxes`
--

LOCK TABLES `taxes` WRITE;
/*!40000 ALTER TABLE `taxes` DISABLE KEYS */;
/*!40000 ALTER TABLE `taxes` ENABLE KEYS */;
UNLOCK TABLES;

--
-- Table structure for table `terminals`
--

DROP TABLE IF EXISTS `terminals`;
/*!40101 SET @saved_cs_client     = @@character_set_client */;
/*!40101 SET character_set_client = utf8 */;
CREATE TABLE `terminals` (
  `TerminalID` int(11) NOT NULL auto_increment,
  `TerminalName` varchar(45) collate latin1_general_ci default NULL,
  `StoreID` int(11) default NULL,
  `PrinterType` int(11) default NULL,
  PRIMARY KEY  (`TerminalID`)
) ENGINE=MyISAM DEFAULT CHARSET=latin1 COLLATE=latin1_general_ci;
/*!40101 SET character_set_client = @saved_cs_client */;

--
-- Dumping data for table `terminals`
--

LOCK TABLES `terminals` WRITE;
/*!40000 ALTER TABLE `terminals` DISABLE KEYS */;
INSERT INTO `terminals` VALUES (1,'FCDD55FFFFFF',1,80),(2,'',1,80);
/*!40000 ALTER TABLE `terminals` ENABLE KEYS */;
UNLOCK TABLES;

--
-- Table structure for table `transactions`
--

DROP TABLE IF EXISTS `transactions`;
/*!40101 SET @saved_cs_client     = @@character_set_client */;
/*!40101 SET character_set_client = utf8 */;
CREATE TABLE `transactions` (
  `entrydate` date default NULL,
  `entrytime` time default NULL,
  `Debit` decimal(10,2) default NULL,
  `Credit` decimal(10,2) default NULL,
  `description` varchar(200) collate latin1_general_ci default NULL,
  `transactionid` int(11) NOT NULL auto_increment,
  `accountid` int(11) default NULL,
  PRIMARY KEY  (`transactionid`)
) ENGINE=MyISAM DEFAULT CHARSET=latin1 COLLATE=latin1_general_ci;
/*!40101 SET character_set_client = @saved_cs_client */;

--
-- Dumping data for table `transactions`
--

LOCK TABLES `transactions` WRITE;
/*!40000 ALTER TABLE `transactions` DISABLE KEYS */;
/*!40000 ALTER TABLE `transactions` ENABLE KEYS */;
UNLOCK TABLES;

--
-- Dumping routines for database 'posdb'
--

--
-- Final view structure for view `most_sellable_product`
--

/*!50001 DROP VIEW IF EXISTS `most_sellable_product`*/;
/*!50001 CREATE ALGORITHM=UNDEFINED DEFINER=`root`@`localhost` SQL SECURITY DEFINER VIEW `most_sellable_product` AS select `product_count`.`productid` AS `PRODUCTID`,max(`product_count`.`sum_quantity`) AS `SUMY` from `product_count` group by `product_count`.`productid` order by max(`product_count`.`sum_quantity`) limit 1 */;

--
-- Final view structure for view `product_count`
--

/*!50001 DROP VIEW IF EXISTS `product_count`*/;
/*!50001 CREATE ALGORITHM=UNDEFINED DEFINER=`root`@`localhost` SQL SECURITY DEFINER VIEW `product_count` AS select `a`.`ProductID` AS `productid`,sum(`a`.`Quantity`) AS `sum_quantity`,`b`.`SaleDate` AS `normal_date`,`b`.`Date_DayofWeek_string` AS `daystring`,`b`.`Date_Dayofweek_int` AS `dayint`,`b`.`date_month_string` AS `monthstring`,`b`.`date_year_int` AS `yearint`,`b`.`time_hour` AS `hourint` from (`salesorders` `b` left join `salesorderdetails` `a` on((`a`.`OrderID` = `b`.`OrderID`))) group by `b`.`SaleDate`,`a`.`ProductID` */;

--
-- Final view structure for view `saleorders_view`
--

/*!50001 DROP VIEW IF EXISTS `saleorders_view`*/;
/*!50001 CREATE ALGORITHM=UNDEFINED DEFINER=`root`@`localhost` SQL SECURITY DEFINER VIEW `saleorders_view` AS select 1 AS `PK_COLUMN`,cast(dayname(`salesorders`.`SaleDate`) as char charset utf8) AS `_DAY_STRING`,cast(monthname(`salesorders`.`SaleDate`) as char charset utf8) AS `_MONTH_STRING`,year(`salesorders`.`SaleDate`) AS `_YEAR_INT`,month(`salesorders`.`SaleDate`) AS `_MONTH_INT`,cast(`salesorders`.`SaleDate` as date) AS `_DATE_STRING`,`salesorders`.`SaleAmount` AS `saleamount` from `salesorders` */;
/*!40103 SET TIME_ZONE=@OLD_TIME_ZONE */;

/*!40101 SET SQL_MODE=@OLD_SQL_MODE */;
/*!40014 SET FOREIGN_KEY_CHECKS=@OLD_FOREIGN_KEY_CHECKS */;
/*!40014 SET UNIQUE_CHECKS=@OLD_UNIQUE_CHECKS */;
/*!40101 SET CHARACTER_SET_CLIENT=@OLD_CHARACTER_SET_CLIENT */;
/*!40101 SET CHARACTER_SET_RESULTS=@OLD_CHARACTER_SET_RESULTS */;
/*!40101 SET COLLATION_CONNECTION=@OLD_COLLATION_CONNECTION */;
/*!40111 SET SQL_NOTES=@OLD_SQL_NOTES */;

-- Dump completed on 2016-05-30 11:30:20
